-- phpMyAdmin SQL Dump
-- version 5.2.3
-- https://www.phpmyadmin.net/
--
-- Host: localhost
-- Creato il: Feb 27, 2026 alle 11:01
-- Versione del server: 10.11.14-MariaDB-0ubuntu0.24.04.1
-- Versione PHP: 8.3.6

SET SQL_MODE = "NO_AUTO_VALUE_ON_ZERO";
START TRANSACTION;
SET time_zone = "+00:00";


/*!40101 SET @OLD_CHARACTER_SET_CLIENT=@@CHARACTER_SET_CLIENT */;
/*!40101 SET @OLD_CHARACTER_SET_RESULTS=@@CHARACTER_SET_RESULTS */;
/*!40101 SET @OLD_COLLATION_CONNECTION=@@COLLATION_CONNECTION */;
/*!40101 SET NAMES utf8mb4 */;

--
-- Database: `magazzino`
--

-- --------------------------------------------------------

--
-- Struttura della tabella `Catalogo`
--

CREATE TABLE `Catalogo` (
  `fid` varchar(20) NOT NULL,
  `pid` varchar(20) NOT NULL,
  `costo` decimal(10,2) NOT NULL
) ENGINE=InnoDB DEFAULT CHARSET=utf8mb4 COLLATE=utf8mb4_general_ci;

--
-- Dump dei dati per la tabella `Catalogo`
--

INSERT INTO `Catalogo` (`fid`, `pid`, `costo`) VALUES
('F01', 'P01', 10.00),
('F01', 'P02', 11.00),
('F01', 'P03', 12.00),
('F01', 'P04', 13.00),
('F01', 'P05', 14.00),
('F01', 'P06', 15.00),
('F01', 'P07', 16.00),
('F01', 'P08', 17.00),
('F01', 'P09', 18.00),
('F01', 'P10', 19.00),
('F01', 'P11', 20.00),
('F01', 'P12', 21.00),
('F01', 'P13', 22.00),
('F01', 'P14', 23.00),
('F01', 'P15', 24.00),
('F01', 'P16', 25.00),
('F01', 'P17', 26.00),
('F01', 'P18', 27.00),
('F01', 'P19', 28.00),
('F01', 'P20', 29.00),
('F01', 'P21', 30.00),
('F01', 'P22', 31.00),
('F01', 'P23', 32.00),
('F01', 'P24', 33.00),
('F01', 'P25', 34.00),
('F01', 'P26', 35.00),
('F01', 'P27', 36.00),
('F01', 'P28', 37.00),
('F01', 'P29', 38.00),
('F01', 'P30', 39.00),
('F01', 'P31', 40.00),
('F01', 'P32', 41.00),
('F01', 'P33', 42.00),
('F01', 'P34', 43.00),
('F01', 'P35', 44.00),
('F01', 'P36', 45.00),
('F01', 'P37', 46.00),
('F01', 'P38', 47.00),
('F01', 'P39', 48.00),
('F01', 'P40', 49.00),
('F01', 'P41', 50.00),
('F01', 'P42', 51.00),
('F01', 'P43', 52.00),
('F01', 'P44', 53.00),
('F01', 'P45', 54.00),
('F01', 'P46', 55.00),
('F01', 'P47', 56.00),
('F01', 'P48', 57.00),
('F01', 'P49', 58.00),
('F01', 'P50', 59.00),
('F01', 'P500', 30.00),
('F01', 'P51', 60.00),
('F01', 'P52', 61.00),
('F01', 'P53', 62.00),
('F01', 'P54', 63.00),
('F01', 'P55', 64.00),
('F01', 'P56', 65.00),
('F01', 'P57', 66.00),
('F01', 'P58', 67.00),
('F01', 'P59', 68.00),
('F01', 'P60', 69.00),
('F01', 'P61', 70.00),
('F01', 'P62', 71.00),
('F01', 'P63', 72.00),
('F01', 'P64', 73.00),
('F01', 'P65', 74.00),
('F01', 'P66', 75.00),
('F01', 'P67', 76.00),
('F01', 'P68', 77.00),
('F01', 'P69', 78.00),
('F01', 'P70', 79.00),
('F01', 'P71', 80.00),
('F01', 'P72', 81.00),
('F01', 'P73', 82.00),
('F01', 'P74', 83.00),
('F01', 'P75', 84.00),
('F01', 'P76', 85.00),
('F01', 'P77', 86.00),
('F01', 'P78', 87.00),
('F01', 'P79', 88.00),
('F01', 'P80', 89.00),
('F02', 'P01', 9.00),
('F02', 'P02', 12.00),
('F02', 'P03', 11.00),
('F02', 'P04', 14.00),
('F02', 'P05', 13.00),
('F02', 'P06', 16.00),
('F02', 'P07', 15.00),
('F02', 'P08', 18.00),
('F02', 'P09', 17.00),
('F02', 'P10', 20.00),
('F02', 'P11', 19.00),
('F02', 'P12', 22.00),
('F02', 'P13', 21.00),
('F02', 'P14', 24.00),
('F02', 'P15', 23.00),
('F02', 'P16', 26.00),
('F02', 'P17', 25.00),
('F02', 'P18', 28.00),
('F02', 'P19', 27.00),
('F02', 'P20', 30.00),
('F02', 'P21', 29.00),
('F02', 'P22', 32.00),
('F02', 'P23', 31.00),
('F02', 'P24', 34.00),
('F02', 'P25', 33.00),
('F02', 'P26', 36.00),
('F02', 'P27', 35.00),
('F02', 'P28', 38.00),
('F02', 'P29', 37.00),
('F02', 'P30', 40.00),
('F02', 'P31', 39.00),
('F02', 'P32', 42.00),
('F02', 'P33', 41.00),
('F02', 'P34', 44.00),
('F02', 'P35', 43.00),
('F02', 'P36', 46.00),
('F02', 'P37', 45.00),
('F02', 'P38', 48.00),
('F02', 'P39', 47.00),
('F02', 'P40', 50.00),
('F02', 'P41', 49.00),
('F02', 'P42', 52.00),
('F02', 'P43', 51.00),
('F02', 'P44', 54.00),
('F02', 'P45', 53.00),
('F02', 'P46', 56.00),
('F02', 'P47', 55.00),
('F02', 'P48', 58.00),
('F02', 'P49', 57.00),
('F02', 'P50', 60.00),
('F02', 'P51', 59.00),
('F02', 'P52', 62.00),
('F02', 'P53', 61.00),
('F02', 'P54', 64.00),
('F02', 'P55', 63.00),
('F02', 'P56', 66.00),
('F02', 'P57', 65.00),
('F02', 'P58', 68.00),
('F02', 'P59', 67.00),
('F02', 'P60', 70.00),
('F02', 'P61', 69.00),
('F02', 'P62', 72.00),
('F02', 'P63', 71.00),
('F02', 'P64', 74.00),
('F02', 'P65', 73.00),
('F02', 'P66', 76.00),
('F02', 'P67', 75.00),
('F02', 'P68', 78.00),
('F02', 'P69', 77.00),
('F02', 'P70', 80.00),
('F02', 'P71', 79.00),
('F02', 'P72', 82.00),
('F02', 'P73', 81.00),
('F02', 'P74', 84.00),
('F02', 'P75', 83.00),
('F02', 'P76', 86.00),
('F02', 'P77', 85.00),
('F02', 'P78', 88.00),
('F02', 'P79', 87.00),
('F02', 'P80', 90.00),
('F03', 'P01', 15.00),
('F03', 'P02', 16.00),
('F03', 'P03', 17.00),
('F03', 'P04', 18.00),
('F03', 'P05', 19.00),
('F03', 'P06', 20.00),
('F03', 'P07', 21.00),
('F03', 'P08', 22.00),
('F03', 'P09', 23.00),
('F03', 'P10', 24.00),
('F03', 'P11', 25.00),
('F03', 'P12', 26.00),
('F03', 'P13', 27.00),
('F03', 'P14', 28.00),
('F03', 'P15', 29.00),
('F03', 'P16', 30.00),
('F03', 'P17', 31.00),
('F03', 'P18', 32.00),
('F03', 'P19', 33.00),
('F03', 'P20', 34.00),
('F04', 'P01', 14.00),
('F04', 'P02', 17.00),
('F04', 'P03', 16.00),
('F04', 'P04', 19.00),
('F04', 'P05', 18.00),
('F04', 'P06', 21.00),
('F04', 'P07', 20.00),
('F04', 'P08', 23.00),
('F04', 'P09', 22.00),
('F04', 'P10', 25.00),
('F04', 'P11', 24.00),
('F04', 'P12', 27.00),
('F04', 'P13', 26.00),
('F04', 'P14', 29.00),
('F04', 'P15', 28.00),
('F04', 'P16', 31.00),
('F04', 'P17', 30.00),
('F04', 'P18', 33.00),
('F04', 'P19', 32.00),
('F04', 'P20', 35.00),
('F05', 'P01', 13.00),
('F05', 'P02', 15.00),
('F05', 'P03', 14.00),
('F05', 'P04', 16.00),
('F05', 'P05', 15.00),
('F05', 'P06', 17.00),
('F05', 'P07', 16.00),
('F05', 'P08', 18.00),
('F05', 'P09', 17.00),
('F05', 'P10', 19.00),
('F05', 'P11', 18.00),
('F05', 'P12', 20.00),
('F05', 'P13', 19.00),
('F05', 'P14', 21.00),
('F05', 'P15', 20.00),
('F05', 'P16', 22.00),
('F05', 'P17', 21.00),
('F05', 'P18', 23.00),
('F05', 'P19', 22.00),
('F05', 'P20', 24.00),
('F06', 'P01', 12.00),
('F06', 'P03', 14.00),
('F06', 'P05', 16.00),
('F06', 'P07', 18.00),
('F06', 'P09', 20.00),
('F06', 'P11', 22.00),
('F06', 'P13', 24.00),
('F06', 'P15', 26.00),
('F06', 'P17', 28.00),
('F06', 'P19', 30.00),
('F07', 'P02', 11.00),
('F07', 'P04', 13.00),
('F07', 'P06', 15.00),
('F07', 'P08', 17.00),
('F07', 'P10', 19.00),
('F07', 'P12', 21.00),
('F07', 'P14', 23.00),
('F07', 'P16', 25.00),
('F07', 'P18', 27.00),
('F07', 'P20', 29.00),
('F08', 'P01', 11.50),
('F08', 'P02', 13.50),
('F08', 'P03', 15.50),
('F08', 'P04', 17.50),
('F08', 'P05', 12.50),
('F08', 'P11', 20.50),
('F08', 'P12', 22.50),
('F08', 'P13', 24.50),
('F08', 'P14', 26.50),
('F08', 'P15', 28.50),
('F09', 'P06', 16.00),
('F09', 'P07', 18.00),
('F09', 'P08', 20.00),
('F09', 'P09', 22.00),
('F09', 'P10', 24.00),
('F09', 'P16', 26.00),
('F09', 'P17', 28.00),
('F09', 'P18', 30.00),
('F09', 'P19', 32.00),
('F09', 'P20', 34.00),
('F10', 'P01', 10.50),
('F10', 'P02', 12.50),
('F10', 'P04', 14.50),
('F10', 'P06', 16.50),
('F10', 'P08', 18.50),
('F10', 'P11', 21.00),
('F10', 'P13', 23.00),
('F10', 'P15', 25.00),
('F10', 'P17', 27.00),
('F10', 'P19', 29.00),
('F101', 'P01', 10.50),
('F101', 'P02', 11.50),
('F101', 'P03', 12.50),
('F101', 'P04', 13.50),
('F101', 'P05', 14.50),
('F101', 'P06', 15.50),
('F101', 'P07', 16.50),
('F101', 'P08', 17.50),
('F101', 'P09', 18.50),
('F101', 'P10', 19.50),
('F101', 'P11', 20.50),
('F101', 'P12', 21.50),
('F101', 'P13', 22.50),
('F101', 'P14', 23.50),
('F101', 'P15', 24.50),
('F101', 'P16', 25.50),
('F101', 'P17', 26.50),
('F101', 'P18', 27.50),
('F101', 'P19', 28.50),
('F101', 'P20', 29.50),
('F101', 'P21', 30.50),
('F101', 'P22', 31.50),
('F101', 'P23', 32.50),
('F101', 'P24', 33.50),
('F101', 'P25', 34.50),
('F101', 'P26', 35.50),
('F101', 'P27', 36.50),
('F101', 'P28', 37.50),
('F101', 'P29', 38.50),
('F101', 'P30', 39.50),
('F101', 'P31', 40.50),
('F101', 'P32', 41.50),
('F101', 'P33', 42.50),
('F101', 'P34', 43.50),
('F101', 'P35', 44.50),
('F101', 'P36', 45.50),
('F101', 'P37', 46.50),
('F101', 'P38', 47.50),
('F101', 'P39', 48.50),
('F101', 'P40', 49.50),
('F101', 'P41', 50.50),
('F101', 'P42', 51.50),
('F101', 'P43', 52.50),
('F101', 'P44', 53.50),
('F101', 'P45', 54.50),
('F101', 'P46', 55.50),
('F101', 'P47', 56.50),
('F101', 'P48', 57.50),
('F101', 'P49', 58.50),
('F101', 'P50', 59.50),
('F101', 'P51', 60.50),
('F101', 'P52', 61.50),
('F101', 'P53', 62.50),
('F101', 'P54', 63.50),
('F101', 'P55', 64.50),
('F101', 'P56', 65.50),
('F101', 'P57', 66.50),
('F101', 'P58', 67.50),
('F101', 'P59', 68.50),
('F101', 'P60', 69.50),
('F101', 'P61', 70.50),
('F101', 'P62', 71.50),
('F101', 'P63', 72.50),
('F101', 'P64', 73.50),
('F101', 'P65', 74.50),
('F101', 'P66', 75.50),
('F101', 'P67', 76.50),
('F101', 'P68', 77.50),
('F101', 'P69', 78.50),
('F101', 'P70', 79.50),
('F101', 'P71', 80.50),
('F101', 'P72', 81.50),
('F101', 'P73', 82.50),
('F101', 'P74', 83.50),
('F101', 'P75', 84.50),
('F101', 'P76', 85.50),
('F101', 'P77', 86.50),
('F101', 'P78', 87.50),
('F101', 'P79', 88.50),
('F101', 'P80', 89.50),
('F102', 'P01', 10.20),
('F102', 'P02', 11.20),
('F102', 'P03', 12.20),
('F102', 'P04', 13.20),
('F102', 'P05', 14.20),
('F102', 'P06', 15.20),
('F102', 'P07', 16.20),
('F102', 'P08', 17.20),
('F102', 'P09', 18.20),
('F102', 'P10', 19.20),
('F102', 'P11', 20.20),
('F102', 'P12', 21.20),
('F102', 'P13', 22.20),
('F102', 'P14', 23.20),
('F102', 'P15', 24.20),
('F102', 'P16', 25.20),
('F102', 'P17', 26.20),
('F102', 'P18', 27.20),
('F102', 'P19', 28.20),
('F102', 'P20', 29.20),
('F102', 'P21', 30.20),
('F102', 'P22', 31.20),
('F102', 'P23', 32.20),
('F102', 'P24', 33.20),
('F102', 'P25', 34.20),
('F102', 'P26', 35.20),
('F102', 'P27', 36.20),
('F102', 'P28', 37.20),
('F102', 'P29', 38.20),
('F102', 'P30', 39.20),
('F102', 'P31', 40.20),
('F102', 'P32', 41.20),
('F102', 'P33', 42.20),
('F102', 'P34', 43.20),
('F102', 'P35', 44.20),
('F102', 'P36', 45.20),
('F102', 'P37', 46.20),
('F102', 'P38', 47.20),
('F102', 'P39', 48.20),
('F102', 'P40', 49.20),
('F102', 'P41', 50.20),
('F102', 'P42', 51.20),
('F102', 'P43', 52.20),
('F102', 'P44', 53.20),
('F102', 'P45', 54.20),
('F102', 'P46', 55.20),
('F102', 'P47', 56.20),
('F102', 'P48', 57.20),
('F102', 'P49', 58.20),
('F102', 'P50', 59.20),
('F102', 'P51', 60.20),
('F102', 'P52', 61.20),
('F102', 'P53', 62.20),
('F102', 'P54', 63.20),
('F102', 'P55', 64.20),
('F102', 'P56', 65.20),
('F102', 'P57', 66.20),
('F102', 'P58', 67.20),
('F102', 'P59', 68.20),
('F102', 'P60', 69.20),
('F102', 'P61', 70.20),
('F102', 'P62', 71.20),
('F102', 'P63', 72.20),
('F102', 'P64', 73.20),
('F102', 'P65', 74.20),
('F102', 'P66', 75.20),
('F102', 'P67', 76.20),
('F102', 'P68', 77.20),
('F102', 'P69', 78.20),
('F102', 'P70', 79.20),
('F102', 'P71', 80.20),
('F102', 'P72', 81.20),
('F102', 'P73', 82.20),
('F102', 'P74', 83.20),
('F102', 'P75', 84.20),
('F102', 'P76', 85.20),
('F102', 'P77', 86.20),
('F102', 'P78', 87.20),
('F102', 'P79', 88.20),
('F102', 'P80', 89.20),
('F103', 'P01', 10.30),
('F103', 'P02', 11.30),
('F103', 'P03', 12.30),
('F103', 'P04', 13.30),
('F103', 'P05', 14.30),
('F103', 'P06', 15.30),
('F103', 'P07', 16.30),
('F103', 'P08', 17.30),
('F103', 'P09', 18.30),
('F103', 'P10', 19.30),
('F103', 'P11', 20.30),
('F103', 'P12', 21.30),
('F103', 'P13', 22.30),
('F103', 'P14', 23.30),
('F103', 'P15', 24.30),
('F103', 'P16', 25.30),
('F103', 'P17', 26.30),
('F103', 'P18', 27.30),
('F103', 'P19', 28.30),
('F103', 'P20', 29.30),
('F103', 'P21', 30.30),
('F103', 'P22', 31.30),
('F103', 'P23', 32.30),
('F103', 'P24', 33.30),
('F103', 'P25', 34.30),
('F103', 'P26', 35.30),
('F103', 'P27', 36.30),
('F103', 'P28', 37.30),
('F103', 'P29', 38.30),
('F103', 'P30', 39.30),
('F103', 'P31', 40.30),
('F103', 'P32', 41.30),
('F103', 'P33', 42.30),
('F103', 'P34', 43.30),
('F103', 'P35', 44.30),
('F103', 'P36', 45.30),
('F103', 'P37', 46.30),
('F103', 'P38', 47.30),
('F103', 'P39', 48.30),
('F103', 'P40', 49.30),
('F103', 'P41', 50.30),
('F103', 'P42', 51.30),
('F103', 'P43', 52.30),
('F103', 'P44', 53.30),
('F103', 'P45', 54.30),
('F103', 'P46', 55.30),
('F103', 'P47', 56.30),
('F103', 'P48', 57.30),
('F103', 'P49', 58.30),
('F103', 'P50', 59.30),
('F103', 'P51', 60.30),
('F103', 'P52', 61.30),
('F103', 'P53', 62.30),
('F103', 'P54', 63.30),
('F103', 'P55', 64.30),
('F103', 'P56', 65.30),
('F103', 'P57', 66.30),
('F103', 'P58', 67.30),
('F103', 'P59', 68.30),
('F103', 'P60', 69.30),
('F103', 'P61', 70.30),
('F103', 'P62', 71.30),
('F103', 'P63', 72.30),
('F103', 'P64', 73.30),
('F103', 'P65', 74.30),
('F103', 'P66', 75.30),
('F103', 'P67', 76.30),
('F103', 'P68', 77.30),
('F103', 'P69', 78.30),
('F103', 'P70', 79.30),
('F103', 'P71', 80.30),
('F103', 'P72', 81.30),
('F103', 'P73', 82.30),
('F103', 'P74', 83.30),
('F103', 'P75', 84.30),
('F103', 'P76', 85.30),
('F103', 'P77', 86.30),
('F103', 'P78', 87.30),
('F103', 'P79', 88.30),
('F103', 'P80', 89.30),
('F104', 'P01', 10.40),
('F104', 'P02', 11.40),
('F104', 'P03', 12.40),
('F104', 'P04', 13.40),
('F104', 'P05', 14.40),
('F104', 'P06', 15.40),
('F104', 'P07', 16.40),
('F104', 'P08', 17.40),
('F104', 'P09', 18.40),
('F104', 'P10', 19.40),
('F104', 'P11', 20.40),
('F104', 'P12', 21.40),
('F104', 'P13', 22.40),
('F104', 'P14', 23.40),
('F104', 'P15', 24.40),
('F104', 'P16', 25.40),
('F104', 'P17', 26.40),
('F104', 'P18', 27.40),
('F104', 'P19', 28.40),
('F104', 'P20', 29.40),
('F104', 'P21', 30.40),
('F104', 'P22', 31.40),
('F104', 'P23', 32.40),
('F104', 'P24', 33.40),
('F104', 'P25', 34.40),
('F104', 'P26', 35.40),
('F104', 'P27', 36.40),
('F104', 'P28', 37.40),
('F104', 'P29', 38.40),
('F104', 'P30', 39.40),
('F104', 'P31', 40.40),
('F104', 'P32', 41.40),
('F104', 'P33', 42.40),
('F104', 'P34', 43.40),
('F104', 'P35', 44.40),
('F104', 'P36', 45.40),
('F104', 'P37', 46.40),
('F104', 'P38', 47.40),
('F104', 'P39', 48.40),
('F104', 'P40', 49.40),
('F104', 'P41', 50.40),
('F104', 'P42', 51.40),
('F104', 'P43', 52.40),
('F104', 'P44', 53.40),
('F104', 'P45', 54.40),
('F104', 'P46', 55.40),
('F104', 'P47', 56.40),
('F104', 'P48', 57.40),
('F104', 'P49', 58.40),
('F104', 'P50', 59.40),
('F104', 'P51', 60.40),
('F104', 'P52', 61.40),
('F104', 'P53', 62.40),
('F104', 'P54', 63.40),
('F104', 'P55', 64.40),
('F104', 'P56', 65.40),
('F104', 'P57', 66.40),
('F104', 'P58', 67.40),
('F104', 'P59', 68.40),
('F104', 'P60', 69.40),
('F104', 'P61', 70.40),
('F104', 'P62', 71.40),
('F104', 'P63', 72.40),
('F104', 'P64', 73.40),
('F104', 'P65', 74.40),
('F104', 'P66', 75.40),
('F104', 'P67', 76.40),
('F104', 'P68', 77.40),
('F104', 'P69', 78.40),
('F104', 'P70', 79.40),
('F104', 'P71', 80.40),
('F104', 'P72', 81.40),
('F104', 'P73', 82.40),
('F104', 'P74', 83.40),
('F104', 'P75', 84.40),
('F104', 'P76', 85.40),
('F104', 'P77', 86.40),
('F104', 'P78', 87.40),
('F104', 'P79', 88.40),
('F104', 'P80', 89.40),
('F105', 'P01', 10.60),
('F105', 'P02', 11.60),
('F105', 'P03', 12.60),
('F105', 'P04', 13.60),
('F105', 'P05', 14.60),
('F105', 'P06', 15.60),
('F105', 'P07', 16.60),
('F105', 'P08', 17.60),
('F105', 'P09', 18.60),
('F105', 'P10', 19.60),
('F105', 'P11', 20.60),
('F105', 'P12', 21.60),
('F105', 'P13', 22.60),
('F105', 'P14', 23.60),
('F105', 'P15', 24.60),
('F105', 'P16', 25.60),
('F105', 'P17', 26.60),
('F105', 'P18', 27.60),
('F105', 'P19', 28.60),
('F105', 'P20', 29.60),
('F105', 'P21', 30.60),
('F105', 'P22', 31.60),
('F105', 'P23', 32.60),
('F105', 'P24', 33.60),
('F105', 'P25', 34.60),
('F105', 'P26', 35.60),
('F105', 'P27', 36.60),
('F105', 'P28', 37.60),
('F105', 'P29', 38.60),
('F105', 'P30', 39.60),
('F105', 'P31', 40.60),
('F105', 'P32', 41.60),
('F105', 'P33', 42.60),
('F105', 'P34', 43.60),
('F105', 'P35', 44.60),
('F105', 'P36', 45.60),
('F105', 'P37', 46.60),
('F105', 'P38', 47.60),
('F105', 'P39', 48.60),
('F105', 'P40', 49.60),
('F105', 'P41', 50.60),
('F105', 'P42', 51.60),
('F105', 'P43', 52.60),
('F105', 'P44', 53.60),
('F105', 'P45', 54.60),
('F105', 'P46', 55.60),
('F105', 'P47', 56.60),
('F105', 'P48', 57.60),
('F105', 'P49', 58.60),
('F105', 'P50', 59.60),
('F105', 'P51', 60.60),
('F105', 'P52', 61.60),
('F105', 'P53', 62.60),
('F105', 'P54', 63.60),
('F105', 'P55', 64.60),
('F105', 'P56', 65.60),
('F105', 'P57', 66.60),
('F105', 'P58', 67.60),
('F105', 'P59', 68.60),
('F105', 'P60', 69.60),
('F105', 'P61', 70.60),
('F105', 'P62', 71.60),
('F105', 'P63', 72.60),
('F105', 'P64', 73.60),
('F105', 'P65', 74.60),
('F105', 'P66', 75.60),
('F105', 'P67', 76.60),
('F105', 'P68', 77.60),
('F105', 'P69', 78.60),
('F105', 'P70', 79.60),
('F105', 'P71', 80.60),
('F105', 'P72', 81.60),
('F105', 'P73', 82.60),
('F105', 'P74', 83.60),
('F105', 'P75', 84.60),
('F105', 'P76', 85.60),
('F105', 'P77', 86.60),
('F105', 'P78', 87.60),
('F105', 'P79', 88.60),
('F105', 'P80', 89.60),
('F106', 'P01', 10.70),
('F106', 'P02', 11.70),
('F106', 'P03', 12.70),
('F106', 'P04', 13.70),
('F106', 'P05', 14.70),
('F106', 'P06', 15.70),
('F106', 'P07', 16.70),
('F106', 'P08', 17.70),
('F106', 'P09', 18.70),
('F106', 'P10', 19.70),
('F106', 'P11', 20.70),
('F106', 'P12', 21.70),
('F106', 'P13', 22.70),
('F106', 'P14', 23.70),
('F106', 'P15', 24.70),
('F106', 'P16', 25.70),
('F106', 'P17', 26.70),
('F106', 'P18', 27.70),
('F106', 'P19', 28.70),
('F106', 'P20', 29.70),
('F106', 'P21', 30.70),
('F106', 'P22', 31.70),
('F106', 'P23', 32.70),
('F106', 'P24', 33.70),
('F106', 'P25', 34.70),
('F106', 'P26', 35.70),
('F106', 'P27', 36.70),
('F106', 'P28', 37.70),
('F106', 'P29', 38.70),
('F106', 'P30', 39.70),
('F106', 'P31', 40.70),
('F106', 'P32', 41.70),
('F106', 'P33', 42.70),
('F106', 'P34', 43.70),
('F106', 'P35', 44.70),
('F106', 'P36', 45.70),
('F106', 'P37', 46.70),
('F106', 'P38', 47.70),
('F106', 'P39', 48.70),
('F106', 'P40', 49.70),
('F106', 'P41', 50.70),
('F106', 'P42', 51.70),
('F106', 'P43', 52.70),
('F106', 'P44', 53.70),
('F106', 'P45', 54.70),
('F106', 'P46', 55.70),
('F106', 'P47', 56.70),
('F106', 'P48', 57.70),
('F106', 'P49', 58.70),
('F106', 'P50', 59.70),
('F106', 'P51', 60.70),
('F106', 'P52', 61.70),
('F106', 'P53', 62.70),
('F106', 'P54', 63.70),
('F106', 'P55', 64.70),
('F106', 'P56', 65.70),
('F106', 'P57', 66.70),
('F106', 'P58', 67.70),
('F106', 'P59', 68.70),
('F106', 'P60', 69.70),
('F106', 'P61', 70.70),
('F106', 'P62', 71.70),
('F106', 'P63', 72.70),
('F106', 'P64', 73.70),
('F106', 'P65', 74.70),
('F106', 'P66', 75.70),
('F106', 'P67', 76.70),
('F106', 'P68', 77.70),
('F106', 'P69', 78.70),
('F106', 'P70', 79.70),
('F106', 'P71', 80.70),
('F106', 'P72', 81.70),
('F106', 'P73', 82.70),
('F106', 'P74', 83.70),
('F106', 'P75', 84.70),
('F106', 'P76', 85.70),
('F106', 'P77', 86.70),
('F106', 'P78', 87.70),
('F106', 'P79', 88.70),
('F106', 'P80', 89.70),
('F107', 'P01', 10.80),
('F107', 'P02', 11.80),
('F107', 'P03', 12.80),
('F107', 'P04', 13.80),
('F107', 'P05', 14.80),
('F107', 'P06', 15.80),
('F107', 'P07', 16.80),
('F107', 'P08', 17.80),
('F107', 'P09', 18.80),
('F107', 'P10', 19.80),
('F107', 'P11', 20.80),
('F107', 'P12', 21.80),
('F107', 'P13', 22.80),
('F107', 'P14', 23.80),
('F107', 'P15', 24.80),
('F107', 'P16', 25.80),
('F107', 'P17', 26.80),
('F107', 'P18', 27.80),
('F107', 'P19', 28.80),
('F107', 'P20', 29.80),
('F107', 'P21', 30.80),
('F107', 'P22', 31.80),
('F107', 'P23', 32.80),
('F107', 'P24', 33.80),
('F107', 'P25', 34.80),
('F107', 'P26', 35.80),
('F107', 'P27', 36.80),
('F107', 'P28', 37.80),
('F107', 'P29', 38.80),
('F107', 'P30', 39.80),
('F107', 'P31', 40.80),
('F107', 'P32', 41.80),
('F107', 'P33', 42.80),
('F107', 'P34', 43.80),
('F107', 'P35', 44.80),
('F107', 'P36', 45.80),
('F107', 'P37', 46.80),
('F107', 'P38', 47.80),
('F107', 'P39', 48.80),
('F107', 'P40', 49.80),
('F107', 'P41', 50.80),
('F107', 'P42', 51.80),
('F107', 'P43', 52.80),
('F107', 'P44', 53.80),
('F107', 'P45', 54.80),
('F107', 'P46', 55.80),
('F107', 'P47', 56.80),
('F107', 'P48', 57.80),
('F107', 'P49', 58.80),
('F107', 'P50', 59.80),
('F107', 'P51', 60.80),
('F107', 'P52', 61.80),
('F107', 'P53', 62.80),
('F107', 'P54', 63.80),
('F107', 'P55', 64.80),
('F107', 'P56', 65.80),
('F107', 'P57', 66.80),
('F107', 'P58', 67.80),
('F107', 'P59', 68.80),
('F107', 'P60', 69.80),
('F107', 'P61', 70.80),
('F107', 'P62', 71.80),
('F107', 'P63', 72.80),
('F107', 'P64', 73.80),
('F107', 'P65', 74.80),
('F107', 'P66', 75.80),
('F107', 'P67', 76.80),
('F107', 'P68', 77.80),
('F107', 'P69', 78.80),
('F107', 'P70', 79.80),
('F107', 'P71', 80.80),
('F107', 'P72', 81.80),
('F107', 'P73', 82.80),
('F107', 'P74', 83.80),
('F107', 'P75', 84.80),
('F107', 'P76', 85.80),
('F107', 'P77', 86.80),
('F107', 'P78', 87.80),
('F107', 'P79', 88.80),
('F107', 'P80', 89.80),
('F108', 'P01', 10.90),
('F108', 'P02', 11.90),
('F108', 'P03', 12.90),
('F108', 'P04', 13.90),
('F108', 'P05', 14.90),
('F108', 'P06', 15.90),
('F108', 'P07', 16.90),
('F108', 'P08', 17.90),
('F108', 'P09', 18.90),
('F108', 'P10', 19.90),
('F108', 'P11', 20.90),
('F108', 'P12', 21.90),
('F108', 'P13', 22.90),
('F108', 'P14', 23.90),
('F108', 'P15', 24.90),
('F108', 'P16', 25.90),
('F108', 'P17', 26.90),
('F108', 'P18', 27.90),
('F108', 'P19', 28.90),
('F108', 'P20', 29.90),
('F108', 'P21', 30.90),
('F108', 'P22', 31.90),
('F108', 'P23', 32.90),
('F108', 'P24', 33.90),
('F108', 'P25', 34.90),
('F108', 'P26', 35.90),
('F108', 'P27', 36.90),
('F108', 'P28', 37.90),
('F108', 'P29', 38.90),
('F108', 'P30', 39.90),
('F108', 'P31', 40.90),
('F108', 'P32', 41.90),
('F108', 'P33', 42.90),
('F108', 'P34', 43.90),
('F108', 'P35', 44.90),
('F108', 'P36', 45.90),
('F108', 'P37', 46.90),
('F108', 'P38', 47.90),
('F108', 'P39', 48.90),
('F108', 'P40', 49.90),
('F108', 'P41', 50.90),
('F108', 'P42', 51.90),
('F108', 'P43', 52.90),
('F108', 'P44', 53.90),
('F108', 'P45', 54.90),
('F108', 'P46', 55.90),
('F108', 'P47', 56.90),
('F108', 'P48', 57.90),
('F108', 'P49', 58.90),
('F108', 'P50', 59.90),
('F108', 'P51', 60.90),
('F108', 'P52', 61.90),
('F108', 'P53', 62.90),
('F108', 'P54', 63.90),
('F108', 'P55', 64.90),
('F108', 'P56', 65.90),
('F108', 'P57', 66.90),
('F108', 'P58', 67.90),
('F108', 'P59', 68.90),
('F108', 'P60', 69.90),
('F108', 'P61', 70.90),
('F108', 'P62', 71.90),
('F108', 'P63', 72.90),
('F108', 'P64', 73.90),
('F108', 'P65', 74.90),
('F108', 'P66', 75.90),
('F108', 'P67', 76.90),
('F108', 'P68', 77.90),
('F108', 'P69', 78.90),
('F108', 'P70', 79.90),
('F108', 'P71', 80.90),
('F108', 'P72', 81.90),
('F108', 'P73', 82.90),
('F108', 'P74', 83.90),
('F108', 'P75', 84.90),
('F108', 'P76', 85.90),
('F108', 'P77', 86.90),
('F108', 'P78', 87.90),
('F108', 'P79', 88.90),
('F108', 'P80', 89.90),
('F109', 'P01', 11.10),
('F109', 'P02', 12.10),
('F109', 'P03', 13.10),
('F109', 'P04', 14.10),
('F109', 'P05', 15.10),
('F109', 'P06', 16.10),
('F109', 'P07', 17.10),
('F109', 'P08', 18.10),
('F109', 'P09', 19.10),
('F109', 'P10', 20.10),
('F109', 'P11', 21.10),
('F109', 'P12', 22.10),
('F109', 'P13', 23.10),
('F109', 'P14', 24.10),
('F109', 'P15', 25.10),
('F109', 'P16', 26.10),
('F109', 'P17', 27.10),
('F109', 'P18', 28.10),
('F109', 'P19', 29.10),
('F109', 'P20', 30.10),
('F109', 'P21', 31.10),
('F109', 'P22', 32.10),
('F109', 'P23', 33.10),
('F109', 'P24', 34.10),
('F109', 'P25', 35.10),
('F109', 'P26', 36.10),
('F109', 'P27', 37.10),
('F109', 'P28', 38.10),
('F109', 'P29', 39.10),
('F109', 'P30', 40.10),
('F109', 'P31', 41.10),
('F109', 'P32', 42.10),
('F109', 'P33', 43.10),
('F109', 'P34', 44.10),
('F109', 'P35', 45.10),
('F109', 'P36', 46.10),
('F109', 'P37', 47.10),
('F109', 'P38', 48.10),
('F109', 'P39', 49.10),
('F109', 'P40', 50.10),
('F109', 'P41', 51.10),
('F109', 'P42', 52.10),
('F109', 'P43', 53.10),
('F109', 'P44', 54.10),
('F109', 'P45', 55.10),
('F109', 'P46', 56.10),
('F109', 'P47', 57.10),
('F109', 'P48', 58.10),
('F109', 'P49', 59.10),
('F109', 'P50', 60.10),
('F109', 'P51', 61.10),
('F109', 'P52', 62.10),
('F109', 'P53', 63.10),
('F109', 'P54', 64.10),
('F109', 'P55', 65.10),
('F109', 'P56', 66.10),
('F109', 'P57', 67.10),
('F109', 'P58', 68.10),
('F109', 'P59', 69.10),
('F109', 'P60', 70.10),
('F109', 'P61', 71.10),
('F109', 'P62', 72.10),
('F109', 'P63', 73.10),
('F109', 'P64', 74.10),
('F109', 'P65', 75.10),
('F109', 'P66', 76.10),
('F109', 'P67', 77.10),
('F109', 'P68', 78.10),
('F109', 'P69', 79.10),
('F109', 'P70', 80.10),
('F109', 'P71', 81.10),
('F109', 'P72', 82.10),
('F109', 'P73', 83.10),
('F109', 'P74', 84.10),
('F109', 'P75', 85.10),
('F109', 'P76', 86.10),
('F109', 'P77', 87.10),
('F109', 'P78', 88.10),
('F109', 'P79', 89.10),
('F109', 'P80', 90.10),
('F11', 'P01', 10.00),
('F11', 'P02', 11.00),
('F11', 'P41', 12.00),
('F110', 'P01', 11.20),
('F110', 'P02', 12.20),
('F110', 'P03', 13.20),
('F110', 'P04', 14.20),
('F110', 'P05', 15.20),
('F110', 'P06', 16.20),
('F110', 'P07', 17.20),
('F110', 'P08', 18.20),
('F110', 'P09', 19.20),
('F110', 'P10', 20.20),
('F110', 'P11', 21.20),
('F110', 'P12', 22.20),
('F110', 'P13', 23.20),
('F110', 'P14', 24.20),
('F110', 'P15', 25.20),
('F110', 'P16', 26.20),
('F110', 'P17', 27.20),
('F110', 'P18', 28.20),
('F110', 'P19', 29.20),
('F110', 'P20', 30.20),
('F110', 'P21', 31.20),
('F110', 'P22', 32.20),
('F110', 'P23', 33.20),
('F110', 'P24', 34.20),
('F110', 'P25', 35.20),
('F110', 'P26', 36.20),
('F110', 'P27', 37.20),
('F110', 'P28', 38.20),
('F110', 'P29', 39.20),
('F110', 'P30', 40.20),
('F110', 'P31', 41.20),
('F110', 'P32', 42.20),
('F110', 'P33', 43.20),
('F110', 'P34', 44.20),
('F110', 'P35', 45.20),
('F110', 'P36', 46.20),
('F110', 'P37', 47.20),
('F110', 'P38', 48.20),
('F110', 'P39', 49.20),
('F110', 'P40', 50.20),
('F110', 'P41', 51.20),
('F110', 'P42', 52.20),
('F110', 'P43', 53.20),
('F110', 'P44', 54.20),
('F110', 'P45', 55.20),
('F110', 'P46', 56.20),
('F110', 'P47', 57.20),
('F110', 'P48', 58.20),
('F110', 'P49', 59.20),
('F110', 'P50', 60.20),
('F110', 'P51', 61.20),
('F110', 'P52', 62.20),
('F110', 'P53', 63.20),
('F110', 'P54', 64.20),
('F110', 'P55', 65.20),
('F110', 'P56', 66.20),
('F110', 'P57', 67.20),
('F110', 'P58', 68.20),
('F110', 'P59', 69.20),
('F110', 'P60', 70.20),
('F110', 'P61', 71.20),
('F110', 'P62', 72.20),
('F110', 'P63', 73.20),
('F110', 'P64', 74.20),
('F110', 'P65', 75.20),
('F110', 'P66', 76.20),
('F110', 'P67', 77.20),
('F110', 'P68', 78.20),
('F110', 'P69', 79.20),
('F110', 'P70', 80.20),
('F110', 'P71', 81.20),
('F110', 'P72', 82.20),
('F110', 'P73', 83.20),
('F110', 'P74', 84.20),
('F110', 'P75', 85.20),
('F110', 'P76', 86.20),
('F110', 'P77', 87.20),
('F110', 'P78', 88.20),
('F110', 'P79', 89.20),
('F110', 'P80', 90.20),
('F111', 'P01', 11.30),
('F111', 'P02', 12.30),
('F111', 'P03', 13.30),
('F111', 'P04', 14.30),
('F111', 'P05', 15.30),
('F111', 'P06', 16.30),
('F111', 'P07', 17.30),
('F111', 'P08', 18.30),
('F111', 'P09', 19.30),
('F111', 'P10', 20.30),
('F111', 'P11', 21.30),
('F111', 'P12', 22.30),
('F111', 'P13', 23.30),
('F111', 'P14', 24.30),
('F111', 'P15', 25.30),
('F111', 'P16', 26.30),
('F111', 'P17', 27.30),
('F111', 'P18', 28.30),
('F111', 'P19', 29.30),
('F111', 'P20', 30.30),
('F111', 'P21', 31.30),
('F111', 'P22', 32.30),
('F111', 'P23', 33.30),
('F111', 'P24', 34.30),
('F111', 'P25', 35.30),
('F111', 'P26', 36.30),
('F111', 'P27', 37.30),
('F111', 'P28', 38.30),
('F111', 'P29', 39.30),
('F111', 'P30', 40.30),
('F111', 'P31', 41.30),
('F111', 'P32', 42.30),
('F111', 'P33', 43.30),
('F111', 'P34', 44.30),
('F111', 'P35', 45.30),
('F111', 'P36', 46.30),
('F111', 'P37', 47.30),
('F111', 'P38', 48.30),
('F111', 'P39', 49.30),
('F111', 'P40', 50.30),
('F111', 'P41', 51.30),
('F111', 'P42', 52.30),
('F111', 'P43', 53.30),
('F111', 'P44', 54.30),
('F111', 'P45', 55.30),
('F111', 'P46', 56.30),
('F111', 'P47', 57.30),
('F111', 'P48', 58.30),
('F111', 'P49', 59.30),
('F111', 'P50', 60.30),
('F111', 'P51', 61.30),
('F111', 'P52', 62.30),
('F111', 'P53', 63.30),
('F111', 'P54', 64.30),
('F111', 'P55', 65.30),
('F111', 'P56', 66.30),
('F111', 'P57', 67.30),
('F111', 'P58', 68.30),
('F111', 'P59', 69.30),
('F111', 'P60', 70.30),
('F111', 'P61', 71.30),
('F111', 'P62', 72.30),
('F111', 'P63', 73.30),
('F111', 'P64', 74.30),
('F111', 'P65', 75.30),
('F111', 'P66', 76.30),
('F111', 'P67', 77.30),
('F111', 'P68', 78.30),
('F111', 'P69', 79.30),
('F111', 'P70', 80.30),
('F111', 'P71', 81.30),
('F111', 'P72', 82.30),
('F111', 'P73', 83.30),
('F111', 'P74', 84.30),
('F111', 'P75', 85.30),
('F111', 'P76', 86.30),
('F111', 'P77', 87.30),
('F111', 'P78', 88.30),
('F111', 'P79', 89.30),
('F111', 'P80', 90.30),
('F112', 'P01', 11.40),
('F112', 'P02', 12.40),
('F112', 'P03', 13.40),
('F112', 'P04', 14.40),
('F112', 'P05', 15.40),
('F112', 'P06', 16.40),
('F112', 'P07', 17.40),
('F112', 'P08', 18.40),
('F112', 'P09', 19.40),
('F112', 'P10', 20.40),
('F112', 'P11', 21.40),
('F112', 'P12', 22.40),
('F112', 'P13', 23.40),
('F112', 'P14', 24.40),
('F112', 'P15', 25.40),
('F112', 'P16', 26.40),
('F112', 'P17', 27.40),
('F112', 'P18', 28.40),
('F112', 'P19', 29.40),
('F112', 'P20', 30.40),
('F112', 'P21', 31.40),
('F112', 'P22', 32.40),
('F112', 'P23', 33.40),
('F112', 'P24', 34.40),
('F112', 'P25', 35.40),
('F112', 'P26', 36.40),
('F112', 'P27', 37.40),
('F112', 'P28', 38.40),
('F112', 'P29', 39.40),
('F112', 'P30', 40.40),
('F112', 'P31', 41.40),
('F112', 'P32', 42.40),
('F112', 'P33', 43.40),
('F112', 'P34', 44.40),
('F112', 'P35', 45.40),
('F112', 'P36', 46.40),
('F112', 'P37', 47.40),
('F112', 'P38', 48.40),
('F112', 'P39', 49.40),
('F112', 'P40', 50.40),
('F112', 'P41', 51.40),
('F112', 'P42', 52.40),
('F112', 'P43', 53.40),
('F112', 'P44', 54.40),
('F112', 'P45', 55.40),
('F112', 'P46', 56.40),
('F112', 'P47', 57.40),
('F112', 'P48', 58.40),
('F112', 'P49', 59.40),
('F112', 'P50', 60.40),
('F112', 'P51', 61.40),
('F112', 'P52', 62.40),
('F112', 'P53', 63.40),
('F112', 'P54', 64.40),
('F112', 'P55', 65.40),
('F112', 'P56', 66.40),
('F112', 'P57', 67.40),
('F112', 'P58', 68.40),
('F112', 'P59', 69.40),
('F112', 'P60', 70.40),
('F112', 'P61', 71.40),
('F112', 'P62', 72.40),
('F112', 'P63', 73.40),
('F112', 'P64', 74.40),
('F112', 'P65', 75.40),
('F112', 'P66', 76.40),
('F112', 'P67', 77.40),
('F112', 'P68', 78.40),
('F112', 'P69', 79.40),
('F112', 'P70', 80.40),
('F112', 'P71', 81.40),
('F112', 'P72', 82.40),
('F112', 'P73', 83.40),
('F112', 'P74', 84.40),
('F112', 'P75', 85.40),
('F112', 'P76', 86.40),
('F112', 'P77', 87.40),
('F112', 'P78', 88.40),
('F112', 'P79', 89.40),
('F112', 'P80', 90.40),
('F113', 'P01', 11.50),
('F113', 'P02', 12.50),
('F113', 'P03', 13.50),
('F113', 'P04', 14.50),
('F113', 'P05', 15.50),
('F113', 'P06', 16.50),
('F113', 'P07', 17.50),
('F113', 'P08', 18.50),
('F113', 'P09', 19.50),
('F113', 'P10', 20.50),
('F113', 'P11', 21.50),
('F113', 'P12', 22.50),
('F113', 'P13', 23.50),
('F113', 'P14', 24.50),
('F113', 'P15', 25.50),
('F113', 'P16', 26.50),
('F113', 'P17', 27.50),
('F113', 'P18', 28.50),
('F113', 'P19', 29.50),
('F113', 'P20', 30.50),
('F113', 'P21', 31.50),
('F113', 'P22', 32.50),
('F113', 'P23', 33.50),
('F113', 'P24', 34.50),
('F113', 'P25', 35.50),
('F113', 'P26', 36.50),
('F113', 'P27', 37.50),
('F113', 'P28', 38.50),
('F113', 'P29', 39.50),
('F113', 'P30', 40.50),
('F113', 'P31', 41.50),
('F113', 'P32', 42.50),
('F113', 'P33', 43.50),
('F113', 'P34', 44.50),
('F113', 'P35', 45.50),
('F113', 'P36', 46.50),
('F113', 'P37', 47.50),
('F113', 'P38', 48.50),
('F113', 'P39', 49.50),
('F113', 'P40', 50.50),
('F113', 'P41', 51.50),
('F113', 'P42', 52.50),
('F113', 'P43', 53.50),
('F113', 'P44', 54.50),
('F113', 'P45', 55.50),
('F113', 'P46', 56.50),
('F113', 'P47', 57.50),
('F113', 'P48', 58.50),
('F113', 'P49', 59.50),
('F113', 'P50', 60.50),
('F113', 'P51', 61.50),
('F113', 'P52', 62.50),
('F113', 'P53', 63.50),
('F113', 'P54', 64.50),
('F113', 'P55', 65.50),
('F113', 'P56', 66.50),
('F113', 'P57', 67.50),
('F113', 'P58', 68.50),
('F113', 'P59', 69.50),
('F113', 'P60', 70.50),
('F113', 'P61', 71.50),
('F113', 'P62', 72.50),
('F113', 'P63', 73.50),
('F113', 'P64', 74.50),
('F113', 'P65', 75.50),
('F113', 'P66', 76.50),
('F113', 'P67', 77.50),
('F113', 'P68', 78.50),
('F113', 'P69', 79.50),
('F113', 'P70', 80.50),
('F113', 'P71', 81.50),
('F113', 'P72', 82.50),
('F113', 'P73', 83.50),
('F113', 'P74', 84.50),
('F113', 'P75', 85.50),
('F113', 'P76', 86.50),
('F113', 'P77', 87.50),
('F113', 'P78', 88.50),
('F113', 'P79', 89.50),
('F113', 'P80', 90.50),
('F114', 'P01', 11.60),
('F114', 'P02', 12.60),
('F114', 'P03', 13.60),
('F114', 'P04', 14.60),
('F114', 'P05', 15.60),
('F114', 'P06', 16.60),
('F114', 'P07', 17.60),
('F114', 'P08', 18.60),
('F114', 'P09', 19.60),
('F114', 'P10', 20.60),
('F114', 'P11', 21.60),
('F114', 'P12', 22.60),
('F114', 'P13', 23.60),
('F114', 'P14', 24.60),
('F114', 'P15', 25.60),
('F114', 'P16', 26.60),
('F114', 'P17', 27.60),
('F114', 'P18', 28.60),
('F114', 'P19', 29.60),
('F114', 'P20', 30.60),
('F114', 'P21', 31.60),
('F114', 'P22', 32.60),
('F114', 'P23', 33.60),
('F114', 'P24', 34.60),
('F114', 'P25', 35.60),
('F114', 'P26', 36.60),
('F114', 'P27', 37.60),
('F114', 'P28', 38.60),
('F114', 'P29', 39.60),
('F114', 'P30', 40.60),
('F114', 'P31', 41.60),
('F114', 'P32', 42.60),
('F114', 'P33', 43.60),
('F114', 'P34', 44.60),
('F114', 'P35', 45.60),
('F114', 'P36', 46.60),
('F114', 'P37', 47.60),
('F114', 'P38', 48.60),
('F114', 'P39', 49.60),
('F114', 'P40', 50.60),
('F114', 'P41', 51.60),
('F114', 'P42', 52.60),
('F114', 'P43', 53.60),
('F114', 'P44', 54.60),
('F114', 'P45', 55.60),
('F114', 'P46', 56.60),
('F114', 'P47', 57.60),
('F114', 'P48', 58.60),
('F114', 'P49', 59.60),
('F114', 'P50', 60.60),
('F114', 'P51', 61.60),
('F114', 'P52', 62.60),
('F114', 'P53', 63.60),
('F114', 'P54', 64.60),
('F114', 'P55', 65.60),
('F114', 'P56', 66.60),
('F114', 'P57', 67.60),
('F114', 'P58', 68.60),
('F114', 'P59', 69.60),
('F114', 'P60', 70.60),
('F114', 'P61', 71.60),
('F114', 'P62', 72.60),
('F114', 'P63', 73.60),
('F114', 'P64', 74.60),
('F114', 'P65', 75.60),
('F114', 'P66', 76.60),
('F114', 'P67', 77.60),
('F114', 'P68', 78.60),
('F114', 'P69', 79.60),
('F114', 'P70', 80.60),
('F114', 'P71', 81.60),
('F114', 'P72', 82.60),
('F114', 'P73', 83.60),
('F114', 'P74', 84.60),
('F114', 'P75', 85.60),
('F114', 'P76', 86.60),
('F114', 'P77', 87.60),
('F114', 'P78', 88.60),
('F114', 'P79', 89.60),
('F114', 'P80', 90.60),
('F115', 'P01', 11.70),
('F115', 'P02', 12.70),
('F115', 'P03', 13.70),
('F115', 'P04', 14.70),
('F115', 'P05', 15.70),
('F115', 'P06', 16.70),
('F115', 'P07', 17.70),
('F115', 'P08', 18.70),
('F115', 'P09', 19.70),
('F115', 'P10', 20.70),
('F115', 'P11', 21.70),
('F115', 'P12', 22.70),
('F115', 'P13', 23.70),
('F115', 'P14', 24.70),
('F115', 'P15', 25.70),
('F115', 'P16', 26.70),
('F115', 'P17', 27.70),
('F115', 'P18', 28.70),
('F115', 'P19', 29.70),
('F115', 'P20', 30.70),
('F115', 'P21', 31.70),
('F115', 'P22', 32.70),
('F115', 'P23', 33.70),
('F115', 'P24', 34.70),
('F115', 'P25', 35.70),
('F115', 'P26', 36.70),
('F115', 'P27', 37.70),
('F115', 'P28', 38.70),
('F115', 'P29', 39.70),
('F115', 'P30', 40.70),
('F115', 'P31', 41.70),
('F115', 'P32', 42.70),
('F115', 'P33', 43.70),
('F115', 'P34', 44.70),
('F115', 'P35', 45.70),
('F115', 'P36', 46.70),
('F115', 'P37', 47.70),
('F115', 'P38', 48.70),
('F115', 'P39', 49.70),
('F115', 'P40', 50.70),
('F115', 'P41', 51.70),
('F115', 'P42', 52.70),
('F115', 'P43', 53.70),
('F115', 'P44', 54.70),
('F115', 'P45', 55.70),
('F115', 'P46', 56.70),
('F115', 'P47', 57.70),
('F115', 'P48', 58.70),
('F115', 'P49', 59.70),
('F115', 'P50', 60.70),
('F115', 'P51', 61.70),
('F115', 'P52', 62.70),
('F115', 'P53', 63.70),
('F115', 'P54', 64.70),
('F115', 'P55', 65.70),
('F115', 'P56', 66.70),
('F115', 'P57', 67.70),
('F115', 'P58', 68.70),
('F115', 'P59', 69.70),
('F115', 'P60', 70.70),
('F115', 'P61', 71.70),
('F115', 'P62', 72.70),
('F115', 'P63', 73.70),
('F115', 'P64', 74.70),
('F115', 'P65', 75.70),
('F115', 'P66', 76.70),
('F115', 'P67', 77.70),
('F115', 'P68', 78.70),
('F115', 'P69', 79.70),
('F115', 'P70', 80.70),
('F115', 'P71', 81.70),
('F115', 'P72', 82.70),
('F115', 'P73', 83.70),
('F115', 'P74', 84.70),
('F115', 'P75', 85.70),
('F115', 'P76', 86.70),
('F115', 'P77', 87.70),
('F115', 'P78', 88.70),
('F115', 'P79', 89.70),
('F115', 'P80', 90.70),
('F116', 'P01', 11.80),
('F116', 'P02', 12.80),
('F116', 'P03', 13.80),
('F116', 'P04', 14.80),
('F116', 'P05', 15.80),
('F116', 'P06', 16.80),
('F116', 'P07', 17.80),
('F116', 'P08', 18.80),
('F116', 'P09', 19.80),
('F116', 'P10', 20.80),
('F116', 'P11', 21.80),
('F116', 'P12', 22.80),
('F116', 'P13', 23.80),
('F116', 'P14', 24.80),
('F116', 'P15', 25.80),
('F116', 'P16', 26.80),
('F116', 'P17', 27.80),
('F116', 'P18', 28.80),
('F116', 'P19', 29.80),
('F116', 'P20', 30.80),
('F116', 'P21', 31.80),
('F116', 'P22', 32.80),
('F116', 'P23', 33.80),
('F116', 'P24', 34.80),
('F116', 'P25', 35.80),
('F116', 'P26', 36.80),
('F116', 'P27', 37.80),
('F116', 'P28', 38.80),
('F116', 'P29', 39.80),
('F116', 'P30', 40.80),
('F116', 'P31', 41.80),
('F116', 'P32', 42.80),
('F116', 'P33', 43.80),
('F116', 'P34', 44.80),
('F116', 'P35', 45.80),
('F116', 'P36', 46.80),
('F116', 'P37', 47.80),
('F116', 'P38', 48.80),
('F116', 'P39', 49.80),
('F116', 'P40', 50.80),
('F116', 'P41', 51.80),
('F116', 'P42', 52.80),
('F116', 'P43', 53.80),
('F116', 'P44', 54.80),
('F116', 'P45', 55.80),
('F116', 'P46', 56.80),
('F116', 'P47', 57.80),
('F116', 'P48', 58.80),
('F116', 'P49', 59.80),
('F116', 'P50', 60.80),
('F116', 'P51', 61.80),
('F116', 'P52', 62.80),
('F116', 'P53', 63.80),
('F116', 'P54', 64.80),
('F116', 'P55', 65.80),
('F116', 'P56', 66.80),
('F116', 'P57', 67.80),
('F116', 'P58', 68.80),
('F116', 'P59', 69.80),
('F116', 'P60', 70.80),
('F116', 'P61', 71.80),
('F116', 'P62', 72.80),
('F116', 'P63', 73.80),
('F116', 'P64', 74.80),
('F116', 'P65', 75.80),
('F116', 'P66', 76.80),
('F116', 'P67', 77.80),
('F116', 'P68', 78.80),
('F116', 'P69', 79.80),
('F116', 'P70', 80.80),
('F116', 'P71', 81.80),
('F116', 'P72', 82.80),
('F116', 'P73', 83.80),
('F116', 'P74', 84.80),
('F116', 'P75', 85.80),
('F116', 'P76', 86.80),
('F116', 'P77', 87.80),
('F116', 'P78', 88.80),
('F116', 'P79', 89.80),
('F116', 'P80', 90.80),
('F117', 'P01', 11.90),
('F117', 'P02', 12.90),
('F117', 'P03', 13.90),
('F117', 'P04', 14.90),
('F117', 'P05', 15.90),
('F117', 'P06', 16.90),
('F117', 'P07', 17.90),
('F117', 'P08', 18.90),
('F117', 'P09', 19.90),
('F117', 'P10', 20.90),
('F117', 'P11', 21.90),
('F117', 'P12', 22.90),
('F117', 'P13', 23.90),
('F117', 'P14', 24.90),
('F117', 'P15', 25.90),
('F117', 'P16', 26.90),
('F117', 'P17', 27.90),
('F117', 'P18', 28.90),
('F117', 'P19', 29.90),
('F117', 'P20', 30.90),
('F117', 'P21', 31.90),
('F117', 'P22', 32.90),
('F117', 'P23', 33.90),
('F117', 'P24', 34.90),
('F117', 'P25', 35.90),
('F117', 'P26', 36.90),
('F117', 'P27', 37.90),
('F117', 'P28', 38.90),
('F117', 'P29', 39.90),
('F117', 'P30', 40.90),
('F117', 'P31', 41.90),
('F117', 'P32', 42.90),
('F117', 'P33', 43.90),
('F117', 'P34', 44.90),
('F117', 'P35', 45.90),
('F117', 'P36', 46.90),
('F117', 'P37', 47.90),
('F117', 'P38', 48.90),
('F117', 'P39', 49.90),
('F117', 'P40', 50.90),
('F117', 'P41', 51.90),
('F117', 'P42', 52.90),
('F117', 'P43', 53.90),
('F117', 'P44', 54.90),
('F117', 'P45', 55.90),
('F117', 'P46', 56.90),
('F117', 'P47', 57.90),
('F117', 'P48', 58.90),
('F117', 'P49', 59.90),
('F117', 'P50', 60.90),
('F117', 'P51', 61.90),
('F117', 'P52', 62.90),
('F117', 'P53', 63.90),
('F117', 'P54', 64.90),
('F117', 'P55', 65.90),
('F117', 'P56', 66.90),
('F117', 'P57', 67.90),
('F117', 'P58', 68.90),
('F117', 'P59', 69.90),
('F117', 'P60', 70.90),
('F117', 'P61', 71.90),
('F117', 'P62', 72.90),
('F117', 'P63', 73.90),
('F117', 'P64', 74.90),
('F117', 'P65', 75.90),
('F117', 'P66', 76.90),
('F117', 'P67', 77.90),
('F117', 'P68', 78.90),
('F117', 'P69', 79.90),
('F117', 'P70', 80.90),
('F117', 'P71', 81.90),
('F117', 'P72', 82.90),
('F117', 'P73', 83.90),
('F117', 'P74', 84.90),
('F117', 'P75', 85.90),
('F117', 'P76', 86.90),
('F117', 'P77', 87.90),
('F117', 'P78', 88.90),
('F117', 'P79', 89.90),
('F117', 'P80', 90.90),
('F118', 'P01', 12.10),
('F118', 'P02', 13.10),
('F118', 'P03', 14.10),
('F118', 'P04', 15.10),
('F118', 'P05', 16.10),
('F118', 'P06', 17.10),
('F118', 'P07', 18.10),
('F118', 'P08', 19.10),
('F118', 'P09', 20.10),
('F118', 'P10', 21.10),
('F118', 'P11', 22.10),
('F118', 'P12', 23.10),
('F118', 'P13', 24.10),
('F118', 'P14', 25.10),
('F118', 'P15', 26.10),
('F118', 'P16', 27.10),
('F118', 'P17', 28.10),
('F118', 'P18', 29.10),
('F118', 'P19', 30.10),
('F118', 'P20', 31.10),
('F118', 'P21', 32.10),
('F118', 'P22', 33.10),
('F118', 'P23', 34.10),
('F118', 'P24', 35.10),
('F118', 'P25', 36.10),
('F118', 'P26', 37.10),
('F118', 'P27', 38.10),
('F118', 'P28', 39.10),
('F118', 'P29', 40.10),
('F118', 'P30', 41.10),
('F118', 'P31', 42.10),
('F118', 'P32', 43.10),
('F118', 'P33', 44.10),
('F118', 'P34', 45.10),
('F118', 'P35', 46.10),
('F118', 'P36', 47.10),
('F118', 'P37', 48.10),
('F118', 'P38', 49.10),
('F118', 'P39', 50.10),
('F118', 'P40', 51.10),
('F118', 'P41', 52.10),
('F118', 'P42', 53.10),
('F118', 'P43', 54.10),
('F118', 'P44', 55.10),
('F118', 'P45', 56.10),
('F118', 'P46', 57.10),
('F118', 'P47', 58.10),
('F118', 'P48', 59.10),
('F118', 'P49', 60.10),
('F118', 'P50', 61.10),
('F118', 'P51', 62.10),
('F118', 'P52', 63.10),
('F118', 'P53', 64.10),
('F118', 'P54', 65.10),
('F118', 'P55', 66.10),
('F118', 'P56', 67.10),
('F118', 'P57', 68.10),
('F118', 'P58', 69.10),
('F118', 'P59', 70.10),
('F118', 'P60', 71.10),
('F118', 'P61', 72.10),
('F118', 'P62', 73.10),
('F118', 'P63', 74.10),
('F118', 'P64', 75.10),
('F118', 'P65', 76.10),
('F118', 'P66', 77.10),
('F118', 'P67', 78.10),
('F118', 'P68', 79.10),
('F118', 'P69', 80.10),
('F118', 'P70', 81.10),
('F118', 'P71', 82.10),
('F118', 'P72', 83.10),
('F118', 'P73', 84.10),
('F118', 'P74', 85.10),
('F118', 'P75', 86.10),
('F118', 'P76', 87.10),
('F118', 'P77', 88.10),
('F118', 'P78', 89.10),
('F118', 'P79', 90.10),
('F118', 'P80', 91.10),
('F119', 'P01', 12.20),
('F119', 'P02', 13.20),
('F119', 'P03', 14.20),
('F119', 'P04', 15.20),
('F119', 'P05', 16.20),
('F119', 'P06', 17.20),
('F119', 'P07', 18.20),
('F119', 'P08', 19.20),
('F119', 'P09', 20.20),
('F119', 'P10', 21.20),
('F119', 'P11', 22.20),
('F119', 'P12', 23.20),
('F119', 'P13', 24.20),
('F119', 'P14', 25.20),
('F119', 'P15', 26.20),
('F119', 'P16', 27.20),
('F119', 'P17', 28.20),
('F119', 'P18', 29.20),
('F119', 'P19', 30.20),
('F119', 'P20', 31.20),
('F119', 'P21', 32.20),
('F119', 'P22', 33.20),
('F119', 'P23', 34.20),
('F119', 'P24', 35.20),
('F119', 'P25', 36.20),
('F119', 'P26', 37.20),
('F119', 'P27', 38.20),
('F119', 'P28', 39.20),
('F119', 'P29', 40.20),
('F119', 'P30', 41.20),
('F119', 'P31', 42.20),
('F119', 'P32', 43.20),
('F119', 'P33', 44.20),
('F119', 'P34', 45.20),
('F119', 'P35', 46.20),
('F119', 'P36', 47.20),
('F119', 'P37', 48.20),
('F119', 'P38', 49.20),
('F119', 'P39', 50.20),
('F119', 'P40', 51.20),
('F119', 'P41', 52.20),
('F119', 'P42', 53.20),
('F119', 'P43', 54.20),
('F119', 'P44', 55.20),
('F119', 'P45', 56.20),
('F119', 'P46', 57.20),
('F119', 'P47', 58.20),
('F119', 'P48', 59.20),
('F119', 'P49', 60.20),
('F119', 'P50', 61.20),
('F119', 'P51', 62.20),
('F119', 'P52', 63.20),
('F119', 'P53', 64.20),
('F119', 'P54', 65.20),
('F119', 'P55', 66.20),
('F119', 'P56', 67.20),
('F119', 'P57', 68.20),
('F119', 'P58', 69.20),
('F119', 'P59', 70.20),
('F119', 'P60', 71.20),
('F119', 'P61', 72.20),
('F119', 'P62', 73.20),
('F119', 'P63', 74.20),
('F119', 'P64', 75.20),
('F119', 'P65', 76.20),
('F119', 'P66', 77.20),
('F119', 'P67', 78.20),
('F119', 'P68', 79.20),
('F119', 'P69', 80.20),
('F119', 'P70', 81.20),
('F119', 'P71', 82.20),
('F119', 'P72', 83.20),
('F119', 'P73', 84.20),
('F119', 'P74', 85.20),
('F119', 'P75', 86.20),
('F119', 'P76', 87.20),
('F119', 'P77', 88.20),
('F119', 'P78', 89.20),
('F119', 'P79', 90.20),
('F119', 'P80', 91.20),
('F12', 'P02', 10.00),
('F12', 'P03', 11.00),
('F12', 'P42', 12.00),
('F120', 'P01', 12.30),
('F120', 'P02', 13.30),
('F120', 'P03', 14.30),
('F120', 'P04', 15.30),
('F120', 'P05', 16.30),
('F120', 'P06', 17.30),
('F120', 'P07', 18.30),
('F120', 'P08', 19.30),
('F120', 'P09', 20.30),
('F120', 'P10', 21.30),
('F120', 'P11', 22.30),
('F120', 'P12', 23.30),
('F120', 'P13', 24.30),
('F120', 'P14', 25.30),
('F120', 'P15', 26.30),
('F120', 'P16', 27.30),
('F120', 'P17', 28.30),
('F120', 'P18', 29.30),
('F120', 'P19', 30.30),
('F120', 'P20', 31.30),
('F120', 'P21', 32.30),
('F120', 'P22', 33.30),
('F120', 'P23', 34.30),
('F120', 'P24', 35.30),
('F120', 'P25', 36.30),
('F120', 'P26', 37.30),
('F120', 'P27', 38.30),
('F120', 'P28', 39.30),
('F120', 'P29', 40.30),
('F120', 'P30', 41.30),
('F120', 'P31', 42.30),
('F120', 'P32', 43.30),
('F120', 'P33', 44.30),
('F120', 'P34', 45.30),
('F120', 'P35', 46.30),
('F120', 'P36', 47.30),
('F120', 'P37', 48.30),
('F120', 'P38', 49.30),
('F120', 'P39', 50.30),
('F120', 'P40', 51.30),
('F120', 'P41', 52.30),
('F120', 'P42', 53.30),
('F120', 'P43', 54.30),
('F120', 'P44', 55.30),
('F120', 'P45', 56.30),
('F120', 'P46', 57.30),
('F120', 'P47', 58.30),
('F120', 'P48', 59.30),
('F120', 'P49', 60.30),
('F120', 'P50', 61.30),
('F120', 'P51', 62.30),
('F120', 'P52', 63.30),
('F120', 'P53', 64.30),
('F120', 'P54', 65.30),
('F120', 'P55', 66.30),
('F120', 'P56', 67.30),
('F120', 'P57', 68.30),
('F120', 'P58', 69.30),
('F120', 'P59', 70.30),
('F120', 'P60', 71.30),
('F120', 'P61', 72.30),
('F120', 'P62', 73.30),
('F120', 'P63', 74.30),
('F120', 'P64', 75.30),
('F120', 'P65', 76.30),
('F120', 'P66', 77.30),
('F120', 'P67', 78.30),
('F120', 'P68', 79.30),
('F120', 'P69', 80.30),
('F120', 'P70', 81.30),
('F120', 'P71', 82.30),
('F120', 'P72', 83.30),
('F120', 'P73', 84.30),
('F120', 'P74', 85.30),
('F120', 'P75', 86.30),
('F120', 'P76', 87.30),
('F120', 'P77', 88.30),
('F120', 'P78', 89.30),
('F120', 'P79', 90.30),
('F120', 'P80', 91.30),
('F121', 'P01', 12.40),
('F121', 'P02', 13.40),
('F121', 'P03', 14.40),
('F121', 'P04', 15.40),
('F121', 'P05', 16.40),
('F121', 'P06', 17.40),
('F121', 'P07', 18.40),
('F121', 'P08', 19.40),
('F121', 'P09', 20.40),
('F121', 'P10', 21.40),
('F121', 'P11', 22.40),
('F121', 'P12', 23.40),
('F121', 'P13', 24.40),
('F121', 'P14', 25.40),
('F121', 'P15', 26.40),
('F121', 'P16', 27.40),
('F121', 'P17', 28.40),
('F121', 'P18', 29.40),
('F121', 'P19', 30.40),
('F121', 'P20', 31.40),
('F121', 'P21', 32.40),
('F121', 'P22', 33.40),
('F121', 'P23', 34.40),
('F121', 'P24', 35.40),
('F121', 'P25', 36.40),
('F121', 'P26', 37.40),
('F121', 'P27', 38.40),
('F121', 'P28', 39.40),
('F121', 'P29', 40.40),
('F121', 'P30', 41.40),
('F121', 'P31', 42.40),
('F121', 'P32', 43.40),
('F121', 'P33', 44.40),
('F121', 'P34', 45.40),
('F121', 'P35', 46.40),
('F121', 'P36', 47.40),
('F121', 'P37', 48.40),
('F121', 'P38', 49.40),
('F121', 'P39', 50.40),
('F121', 'P40', 51.40),
('F121', 'P41', 52.40),
('F121', 'P42', 53.40),
('F121', 'P43', 54.40),
('F121', 'P44', 55.40),
('F121', 'P45', 56.40),
('F121', 'P46', 57.40),
('F121', 'P47', 58.40),
('F121', 'P48', 59.40),
('F121', 'P49', 60.40),
('F121', 'P50', 61.40),
('F121', 'P51', 62.40),
('F121', 'P52', 63.40),
('F121', 'P53', 64.40),
('F121', 'P54', 65.40),
('F121', 'P55', 66.40),
('F121', 'P56', 67.40),
('F121', 'P57', 68.40),
('F121', 'P58', 69.40),
('F121', 'P59', 70.40),
('F121', 'P60', 71.40),
('F121', 'P61', 72.40),
('F121', 'P62', 73.40),
('F121', 'P63', 74.40),
('F121', 'P64', 75.40),
('F121', 'P65', 76.40),
('F121', 'P66', 77.40),
('F121', 'P67', 78.40),
('F121', 'P68', 79.40),
('F121', 'P69', 80.40),
('F121', 'P70', 81.40),
('F121', 'P71', 82.40),
('F121', 'P72', 83.40),
('F121', 'P73', 84.40),
('F121', 'P74', 85.40),
('F121', 'P75', 86.40),
('F121', 'P76', 87.40),
('F121', 'P77', 88.40),
('F121', 'P78', 89.40),
('F121', 'P79', 90.40),
('F121', 'P80', 91.40),
('F122', 'P01', 12.50),
('F122', 'P02', 13.50),
('F122', 'P03', 14.50),
('F122', 'P04', 15.50),
('F122', 'P05', 16.50),
('F122', 'P06', 17.50),
('F122', 'P07', 18.50),
('F122', 'P08', 19.50),
('F122', 'P09', 20.50),
('F122', 'P10', 21.50),
('F122', 'P11', 22.50),
('F122', 'P12', 23.50),
('F122', 'P13', 24.50),
('F122', 'P14', 25.50),
('F122', 'P15', 26.50),
('F122', 'P16', 27.50),
('F122', 'P17', 28.50),
('F122', 'P18', 29.50),
('F122', 'P19', 30.50),
('F122', 'P20', 31.50),
('F122', 'P21', 32.50),
('F122', 'P22', 33.50),
('F122', 'P23', 34.50),
('F122', 'P24', 35.50),
('F122', 'P25', 36.50),
('F122', 'P26', 37.50),
('F122', 'P27', 38.50),
('F122', 'P28', 39.50),
('F122', 'P29', 40.50),
('F122', 'P30', 41.50),
('F122', 'P31', 42.50),
('F122', 'P32', 43.50),
('F122', 'P33', 44.50),
('F122', 'P34', 45.50),
('F122', 'P35', 46.50),
('F122', 'P36', 47.50),
('F122', 'P37', 48.50),
('F122', 'P38', 49.50),
('F122', 'P39', 50.50),
('F122', 'P40', 51.50),
('F122', 'P41', 52.50),
('F122', 'P42', 53.50),
('F122', 'P43', 54.50),
('F122', 'P44', 55.50),
('F122', 'P45', 56.50),
('F122', 'P46', 57.50),
('F122', 'P47', 58.50),
('F122', 'P48', 59.50),
('F122', 'P49', 60.50),
('F122', 'P50', 61.50),
('F122', 'P51', 62.50),
('F122', 'P52', 63.50),
('F122', 'P53', 64.50),
('F122', 'P54', 65.50),
('F122', 'P55', 66.50),
('F122', 'P56', 67.50),
('F122', 'P57', 68.50),
('F122', 'P58', 69.50),
('F122', 'P59', 70.50),
('F122', 'P60', 71.50),
('F122', 'P61', 72.50),
('F122', 'P62', 73.50),
('F122', 'P63', 74.50),
('F122', 'P64', 75.50),
('F122', 'P65', 76.50),
('F122', 'P66', 77.50),
('F122', 'P67', 78.50),
('F122', 'P68', 79.50),
('F122', 'P69', 80.50),
('F122', 'P70', 81.50),
('F122', 'P71', 82.50),
('F122', 'P72', 83.50),
('F122', 'P73', 84.50),
('F122', 'P74', 85.50),
('F122', 'P75', 86.50),
('F122', 'P76', 87.50),
('F122', 'P77', 88.50),
('F122', 'P78', 89.50),
('F122', 'P79', 90.50),
('F122', 'P80', 91.50),
('F123', 'P01', 12.60),
('F123', 'P02', 13.60),
('F123', 'P03', 14.60),
('F123', 'P04', 15.60),
('F123', 'P05', 16.60),
('F123', 'P06', 17.60),
('F123', 'P07', 18.60),
('F123', 'P08', 19.60),
('F123', 'P09', 20.60),
('F123', 'P10', 21.60),
('F123', 'P11', 22.60),
('F123', 'P12', 23.60),
('F123', 'P13', 24.60),
('F123', 'P14', 25.60),
('F123', 'P15', 26.60),
('F123', 'P16', 27.60),
('F123', 'P17', 28.60),
('F123', 'P18', 29.60),
('F123', 'P19', 30.60),
('F123', 'P20', 31.60),
('F123', 'P21', 32.60),
('F123', 'P22', 33.60),
('F123', 'P23', 34.60),
('F123', 'P24', 35.60),
('F123', 'P25', 36.60),
('F123', 'P26', 37.60),
('F123', 'P27', 38.60),
('F123', 'P28', 39.60),
('F123', 'P29', 40.60),
('F123', 'P30', 41.60),
('F123', 'P31', 42.60),
('F123', 'P32', 43.60),
('F123', 'P33', 44.60),
('F123', 'P34', 45.60),
('F123', 'P35', 46.60),
('F123', 'P36', 47.60),
('F123', 'P37', 48.60),
('F123', 'P38', 49.60),
('F123', 'P39', 50.60),
('F123', 'P40', 51.60),
('F123', 'P41', 52.60),
('F123', 'P42', 53.60),
('F123', 'P43', 54.60),
('F123', 'P44', 55.60),
('F123', 'P45', 56.60),
('F123', 'P46', 57.60),
('F123', 'P47', 58.60),
('F123', 'P48', 59.60),
('F123', 'P49', 60.60),
('F123', 'P50', 61.60),
('F123', 'P51', 62.60),
('F123', 'P52', 63.60),
('F123', 'P53', 64.60),
('F123', 'P54', 65.60),
('F123', 'P55', 66.60),
('F123', 'P56', 67.60),
('F123', 'P57', 68.60),
('F123', 'P58', 69.60),
('F123', 'P59', 70.60),
('F123', 'P60', 71.60),
('F123', 'P61', 72.60),
('F123', 'P62', 73.60),
('F123', 'P63', 74.60),
('F123', 'P64', 75.60),
('F123', 'P65', 76.60),
('F123', 'P66', 77.60),
('F123', 'P67', 78.60),
('F123', 'P68', 79.60),
('F123', 'P69', 80.60),
('F123', 'P70', 81.60),
('F123', 'P71', 82.60),
('F123', 'P72', 83.60),
('F123', 'P73', 84.60),
('F123', 'P74', 85.60),
('F123', 'P75', 86.60),
('F123', 'P76', 87.60),
('F123', 'P77', 88.60),
('F123', 'P78', 89.60),
('F123', 'P79', 90.60),
('F123', 'P80', 91.60),
('F124', 'P01', 12.70),
('F124', 'P02', 13.70),
('F124', 'P03', 14.70),
('F124', 'P04', 15.70),
('F124', 'P05', 16.70),
('F124', 'P06', 17.70),
('F124', 'P07', 18.70),
('F124', 'P08', 19.70),
('F124', 'P09', 20.70),
('F124', 'P10', 21.70),
('F124', 'P11', 22.70),
('F124', 'P12', 23.70),
('F124', 'P13', 24.70),
('F124', 'P14', 25.70),
('F124', 'P15', 26.70),
('F124', 'P16', 27.70),
('F124', 'P17', 28.70),
('F124', 'P18', 29.70),
('F124', 'P19', 30.70),
('F124', 'P20', 31.70),
('F124', 'P21', 32.70),
('F124', 'P22', 33.70),
('F124', 'P23', 34.70),
('F124', 'P24', 35.70),
('F124', 'P25', 36.70),
('F124', 'P26', 37.70),
('F124', 'P27', 38.70),
('F124', 'P28', 39.70),
('F124', 'P29', 40.70),
('F124', 'P30', 41.70),
('F124', 'P31', 42.70),
('F124', 'P32', 43.70),
('F124', 'P33', 44.70),
('F124', 'P34', 45.70),
('F124', 'P35', 46.70),
('F124', 'P36', 47.70),
('F124', 'P37', 48.70),
('F124', 'P38', 49.70),
('F124', 'P39', 50.70),
('F124', 'P40', 51.70),
('F124', 'P41', 52.70),
('F124', 'P42', 53.70),
('F124', 'P43', 54.70),
('F124', 'P44', 55.70),
('F124', 'P45', 56.70),
('F124', 'P46', 57.70),
('F124', 'P47', 58.70),
('F124', 'P48', 59.70),
('F124', 'P49', 60.70),
('F124', 'P50', 61.70),
('F124', 'P51', 62.70),
('F124', 'P52', 63.70),
('F124', 'P53', 64.70),
('F124', 'P54', 65.70),
('F124', 'P55', 66.70),
('F124', 'P56', 67.70),
('F124', 'P57', 68.70),
('F124', 'P58', 69.70),
('F124', 'P59', 70.70),
('F124', 'P60', 71.70),
('F124', 'P61', 72.70),
('F124', 'P62', 73.70),
('F124', 'P63', 74.70),
('F124', 'P64', 75.70),
('F124', 'P65', 76.70),
('F124', 'P66', 77.70),
('F124', 'P67', 78.70),
('F124', 'P68', 79.70),
('F124', 'P69', 80.70),
('F124', 'P70', 81.70),
('F124', 'P71', 82.70),
('F124', 'P72', 83.70),
('F124', 'P73', 84.70),
('F124', 'P74', 85.70),
('F124', 'P75', 86.70),
('F124', 'P76', 87.70),
('F124', 'P77', 88.70),
('F124', 'P78', 89.70),
('F124', 'P79', 90.70),
('F124', 'P80', 91.70),
('F125', 'P01', 12.80),
('F125', 'P02', 13.80),
('F125', 'P03', 14.80),
('F125', 'P04', 15.80),
('F125', 'P05', 16.80),
('F125', 'P06', 17.80),
('F125', 'P07', 18.80),
('F125', 'P08', 19.80),
('F125', 'P09', 20.80),
('F125', 'P10', 21.80),
('F125', 'P11', 22.80),
('F125', 'P12', 23.80),
('F125', 'P13', 24.80),
('F125', 'P14', 25.80),
('F125', 'P15', 26.80),
('F125', 'P16', 27.80),
('F125', 'P17', 28.80),
('F125', 'P18', 29.80),
('F125', 'P19', 30.80),
('F125', 'P20', 31.80),
('F125', 'P21', 32.80),
('F125', 'P22', 33.80),
('F125', 'P23', 34.80),
('F125', 'P24', 35.80),
('F125', 'P25', 36.80),
('F125', 'P26', 37.80),
('F125', 'P27', 38.80),
('F125', 'P28', 39.80),
('F125', 'P29', 40.80),
('F125', 'P30', 41.80),
('F125', 'P31', 42.80),
('F125', 'P32', 43.80),
('F125', 'P33', 44.80),
('F125', 'P34', 45.80),
('F125', 'P35', 46.80),
('F125', 'P36', 47.80),
('F125', 'P37', 48.80),
('F125', 'P38', 49.80),
('F125', 'P39', 50.80),
('F125', 'P40', 51.80),
('F125', 'P41', 52.80),
('F125', 'P42', 53.80),
('F125', 'P43', 54.80),
('F125', 'P44', 55.80),
('F125', 'P45', 56.80),
('F125', 'P46', 57.80),
('F125', 'P47', 58.80),
('F125', 'P48', 59.80),
('F125', 'P49', 60.80),
('F125', 'P50', 61.80),
('F125', 'P51', 62.80),
('F125', 'P52', 63.80),
('F125', 'P53', 64.80),
('F125', 'P54', 65.80),
('F125', 'P55', 66.80),
('F125', 'P56', 67.80),
('F125', 'P57', 68.80),
('F125', 'P58', 69.80),
('F125', 'P59', 70.80),
('F125', 'P60', 71.80),
('F125', 'P61', 72.80),
('F125', 'P62', 73.80),
('F125', 'P63', 74.80),
('F125', 'P64', 75.80),
('F125', 'P65', 76.80),
('F125', 'P66', 77.80),
('F125', 'P67', 78.80),
('F125', 'P68', 79.80),
('F125', 'P69', 80.80),
('F125', 'P70', 81.80),
('F125', 'P71', 82.80),
('F125', 'P72', 83.80),
('F125', 'P73', 84.80),
('F125', 'P74', 85.80),
('F125', 'P75', 86.80),
('F125', 'P76', 87.80),
('F125', 'P77', 88.80),
('F125', 'P78', 89.80),
('F125', 'P79', 90.80),
('F125', 'P80', 91.80),
('F126', 'P01', 12.90),
('F126', 'P02', 13.90),
('F126', 'P03', 14.90),
('F126', 'P04', 15.90),
('F126', 'P05', 16.90);
INSERT INTO `Catalogo` (`fid`, `pid`, `costo`) VALUES
('F126', 'P06', 17.90),
('F126', 'P07', 18.90),
('F126', 'P08', 19.90),
('F126', 'P09', 20.90),
('F126', 'P10', 21.90),
('F126', 'P11', 22.90),
('F126', 'P12', 23.90),
('F126', 'P13', 24.90),
('F126', 'P14', 25.90),
('F126', 'P15', 26.90),
('F126', 'P16', 27.90),
('F126', 'P17', 28.90),
('F126', 'P18', 29.90),
('F126', 'P19', 30.90),
('F126', 'P20', 31.90),
('F126', 'P21', 32.90),
('F126', 'P22', 33.90),
('F126', 'P23', 34.90),
('F126', 'P24', 35.90),
('F126', 'P25', 36.90),
('F126', 'P26', 37.90),
('F126', 'P27', 38.90),
('F126', 'P28', 39.90),
('F126', 'P29', 40.90),
('F126', 'P30', 41.90),
('F126', 'P31', 42.90),
('F126', 'P32', 43.90),
('F126', 'P33', 44.90),
('F126', 'P34', 45.90),
('F126', 'P35', 46.90),
('F126', 'P36', 47.90),
('F126', 'P37', 48.90),
('F126', 'P38', 49.90),
('F126', 'P39', 50.90),
('F126', 'P40', 51.90),
('F126', 'P41', 52.90),
('F126', 'P42', 53.90),
('F126', 'P43', 54.90),
('F126', 'P44', 55.90),
('F126', 'P45', 56.90),
('F126', 'P46', 57.90),
('F126', 'P47', 58.90),
('F126', 'P48', 59.90),
('F126', 'P49', 60.90),
('F126', 'P50', 61.90),
('F126', 'P51', 62.90),
('F126', 'P52', 63.90),
('F126', 'P53', 64.90),
('F126', 'P54', 65.90),
('F126', 'P55', 66.90),
('F126', 'P56', 67.90),
('F126', 'P57', 68.90),
('F126', 'P58', 69.90),
('F126', 'P59', 70.90),
('F126', 'P60', 71.90),
('F126', 'P61', 72.90),
('F126', 'P62', 73.90),
('F126', 'P63', 74.90),
('F126', 'P64', 75.90),
('F126', 'P65', 76.90),
('F126', 'P66', 77.90),
('F126', 'P67', 78.90),
('F126', 'P68', 79.90),
('F126', 'P69', 80.90),
('F126', 'P70', 81.90),
('F126', 'P71', 82.90),
('F126', 'P72', 83.90),
('F126', 'P73', 84.90),
('F126', 'P74', 85.90),
('F126', 'P75', 86.90),
('F126', 'P76', 87.90),
('F126', 'P77', 88.90),
('F126', 'P78', 89.90),
('F126', 'P79', 90.90),
('F126', 'P80', 91.90),
('F127', 'P01', 13.10),
('F127', 'P02', 14.10),
('F127', 'P03', 15.10),
('F127', 'P04', 16.10),
('F127', 'P05', 17.10),
('F127', 'P06', 18.10),
('F127', 'P07', 19.10),
('F127', 'P08', 20.10),
('F127', 'P09', 21.10),
('F127', 'P10', 22.10),
('F127', 'P11', 23.10),
('F127', 'P12', 24.10),
('F127', 'P13', 25.10),
('F127', 'P14', 26.10),
('F127', 'P15', 27.10),
('F127', 'P16', 28.10),
('F127', 'P17', 29.10),
('F127', 'P18', 30.10),
('F127', 'P19', 31.10),
('F127', 'P20', 32.10),
('F127', 'P21', 33.10),
('F127', 'P22', 34.10),
('F127', 'P23', 35.10),
('F127', 'P24', 36.10),
('F127', 'P25', 37.10),
('F127', 'P26', 38.10),
('F127', 'P27', 39.10),
('F127', 'P28', 40.10),
('F127', 'P29', 41.10),
('F127', 'P30', 42.10),
('F127', 'P31', 43.10),
('F127', 'P32', 44.10),
('F127', 'P33', 45.10),
('F127', 'P34', 46.10),
('F127', 'P35', 47.10),
('F127', 'P36', 48.10),
('F127', 'P37', 49.10),
('F127', 'P38', 50.10),
('F127', 'P39', 51.10),
('F127', 'P40', 52.10),
('F127', 'P41', 53.10),
('F127', 'P42', 54.10),
('F127', 'P43', 55.10),
('F127', 'P44', 56.10),
('F127', 'P45', 57.10),
('F127', 'P46', 58.10),
('F127', 'P47', 59.10),
('F127', 'P48', 60.10),
('F127', 'P49', 61.10),
('F127', 'P50', 62.10),
('F127', 'P51', 63.10),
('F127', 'P52', 64.10),
('F127', 'P53', 65.10),
('F127', 'P54', 66.10),
('F127', 'P55', 67.10),
('F127', 'P56', 68.10),
('F127', 'P57', 69.10),
('F127', 'P58', 70.10),
('F127', 'P59', 71.10),
('F127', 'P60', 72.10),
('F127', 'P61', 73.10),
('F127', 'P62', 74.10),
('F127', 'P63', 75.10),
('F127', 'P64', 76.10),
('F127', 'P65', 77.10),
('F127', 'P66', 78.10),
('F127', 'P67', 79.10),
('F127', 'P68', 80.10),
('F127', 'P69', 81.10),
('F127', 'P70', 82.10),
('F127', 'P71', 83.10),
('F127', 'P72', 84.10),
('F127', 'P73', 85.10),
('F127', 'P74', 86.10),
('F127', 'P75', 87.10),
('F127', 'P76', 88.10),
('F127', 'P77', 89.10),
('F127', 'P78', 90.10),
('F127', 'P79', 91.10),
('F127', 'P80', 92.10),
('F128', 'P01', 13.20),
('F128', 'P02', 14.20),
('F128', 'P03', 15.20),
('F128', 'P04', 16.20),
('F128', 'P05', 17.20),
('F128', 'P06', 18.20),
('F128', 'P07', 19.20),
('F128', 'P08', 20.20),
('F128', 'P09', 21.20),
('F128', 'P10', 22.20),
('F128', 'P11', 23.20),
('F128', 'P12', 24.20),
('F128', 'P13', 25.20),
('F128', 'P14', 26.20),
('F128', 'P15', 27.20),
('F128', 'P16', 28.20),
('F128', 'P17', 29.20),
('F128', 'P18', 30.20),
('F128', 'P19', 31.20),
('F128', 'P20', 32.20),
('F128', 'P21', 33.20),
('F128', 'P22', 34.20),
('F128', 'P23', 35.20),
('F128', 'P24', 36.20),
('F128', 'P25', 37.20),
('F128', 'P26', 38.20),
('F128', 'P27', 39.20),
('F128', 'P28', 40.20),
('F128', 'P29', 41.20),
('F128', 'P30', 42.20),
('F128', 'P31', 43.20),
('F128', 'P32', 44.20),
('F128', 'P33', 45.20),
('F128', 'P34', 46.20),
('F128', 'P35', 47.20),
('F128', 'P36', 48.20),
('F128', 'P37', 49.20),
('F128', 'P38', 50.20),
('F128', 'P39', 51.20),
('F128', 'P40', 52.20),
('F128', 'P41', 53.20),
('F128', 'P42', 54.20),
('F128', 'P43', 55.20),
('F128', 'P44', 56.20),
('F128', 'P45', 57.20),
('F128', 'P46', 58.20),
('F128', 'P47', 59.20),
('F128', 'P48', 60.20),
('F128', 'P49', 61.20),
('F128', 'P50', 62.20),
('F128', 'P51', 63.20),
('F128', 'P52', 64.20),
('F128', 'P53', 65.20),
('F128', 'P54', 66.20),
('F128', 'P55', 67.20),
('F128', 'P56', 68.20),
('F128', 'P57', 69.20),
('F128', 'P58', 70.20),
('F128', 'P59', 71.20),
('F128', 'P60', 72.20),
('F128', 'P61', 73.20),
('F128', 'P62', 74.20),
('F128', 'P63', 75.20),
('F128', 'P64', 76.20),
('F128', 'P65', 77.20),
('F128', 'P66', 78.20),
('F128', 'P67', 79.20),
('F128', 'P68', 80.20),
('F128', 'P69', 81.20),
('F128', 'P70', 82.20),
('F128', 'P71', 83.20),
('F128', 'P72', 84.20),
('F128', 'P73', 85.20),
('F128', 'P74', 86.20),
('F128', 'P75', 87.20),
('F128', 'P76', 88.20),
('F128', 'P77', 89.20),
('F128', 'P78', 90.20),
('F128', 'P79', 91.20),
('F128', 'P80', 92.20),
('F129', 'P01', 13.30),
('F129', 'P02', 14.30),
('F129', 'P03', 15.30),
('F129', 'P04', 16.30),
('F129', 'P05', 17.30),
('F129', 'P06', 18.30),
('F129', 'P07', 19.30),
('F129', 'P08', 20.30),
('F129', 'P09', 21.30),
('F129', 'P10', 22.30),
('F129', 'P11', 23.30),
('F129', 'P12', 24.30),
('F129', 'P13', 25.30),
('F129', 'P14', 26.30),
('F129', 'P15', 27.30),
('F129', 'P16', 28.30),
('F129', 'P17', 29.30),
('F129', 'P18', 30.30),
('F129', 'P19', 31.30),
('F129', 'P20', 32.30),
('F129', 'P21', 33.30),
('F129', 'P22', 34.30),
('F129', 'P23', 35.30),
('F129', 'P24', 36.30),
('F129', 'P25', 37.30),
('F129', 'P26', 38.30),
('F129', 'P27', 39.30),
('F129', 'P28', 40.30),
('F129', 'P29', 41.30),
('F129', 'P30', 42.30),
('F129', 'P31', 43.30),
('F129', 'P32', 44.30),
('F129', 'P33', 45.30),
('F129', 'P34', 46.30),
('F129', 'P35', 47.30),
('F129', 'P36', 48.30),
('F129', 'P37', 49.30),
('F129', 'P38', 50.30),
('F129', 'P39', 51.30),
('F129', 'P40', 52.30),
('F129', 'P41', 53.30),
('F129', 'P42', 54.30),
('F129', 'P43', 55.30),
('F129', 'P44', 56.30),
('F129', 'P45', 57.30),
('F129', 'P46', 58.30),
('F129', 'P47', 59.30),
('F129', 'P48', 60.30),
('F129', 'P49', 61.30),
('F129', 'P50', 62.30),
('F129', 'P51', 63.30),
('F129', 'P52', 64.30),
('F129', 'P53', 65.30),
('F129', 'P54', 66.30),
('F129', 'P55', 67.30),
('F129', 'P56', 68.30),
('F129', 'P57', 69.30),
('F129', 'P58', 70.30),
('F129', 'P59', 71.30),
('F129', 'P60', 72.30),
('F129', 'P61', 73.30),
('F129', 'P62', 74.30),
('F129', 'P63', 75.30),
('F129', 'P64', 76.30),
('F129', 'P65', 77.30),
('F129', 'P66', 78.30),
('F129', 'P67', 79.30),
('F129', 'P68', 80.30),
('F129', 'P69', 81.30),
('F129', 'P70', 82.30),
('F129', 'P71', 83.30),
('F129', 'P72', 84.30),
('F129', 'P73', 85.30),
('F129', 'P74', 86.30),
('F129', 'P75', 87.30),
('F129', 'P76', 88.30),
('F129', 'P77', 89.30),
('F129', 'P78', 90.30),
('F129', 'P79', 91.30),
('F129', 'P80', 92.30),
('F13', 'P03', 10.00),
('F13', 'P04', 11.00),
('F13', 'P43', 12.00),
('F130', 'P01', 13.40),
('F130', 'P02', 14.40),
('F130', 'P03', 15.40),
('F130', 'P04', 16.40),
('F130', 'P05', 17.40),
('F130', 'P06', 18.40),
('F130', 'P07', 19.40),
('F130', 'P08', 20.40),
('F130', 'P09', 21.40),
('F130', 'P10', 22.40),
('F130', 'P11', 23.40),
('F130', 'P12', 24.40),
('F130', 'P13', 25.40),
('F130', 'P14', 26.40),
('F130', 'P15', 27.40),
('F130', 'P16', 28.40),
('F130', 'P17', 29.40),
('F130', 'P18', 30.40),
('F130', 'P19', 31.40),
('F130', 'P20', 32.40),
('F130', 'P21', 33.40),
('F130', 'P22', 34.40),
('F130', 'P23', 35.40),
('F130', 'P24', 36.40),
('F130', 'P25', 37.40),
('F130', 'P26', 38.40),
('F130', 'P27', 39.40),
('F130', 'P28', 40.40),
('F130', 'P29', 41.40),
('F130', 'P30', 42.40),
('F130', 'P31', 43.40),
('F130', 'P32', 44.40),
('F130', 'P33', 45.40),
('F130', 'P34', 46.40),
('F130', 'P35', 47.40),
('F130', 'P36', 48.40),
('F130', 'P37', 49.40),
('F130', 'P38', 50.40),
('F130', 'P39', 51.40),
('F130', 'P40', 52.40),
('F130', 'P41', 53.40),
('F130', 'P42', 54.40),
('F130', 'P43', 55.40),
('F130', 'P44', 56.40),
('F130', 'P45', 57.40),
('F130', 'P46', 58.40),
('F130', 'P47', 59.40),
('F130', 'P48', 60.40),
('F130', 'P49', 61.40),
('F130', 'P50', 62.40),
('F130', 'P51', 63.40),
('F130', 'P52', 64.40),
('F130', 'P53', 65.40),
('F130', 'P54', 66.40),
('F130', 'P55', 67.40),
('F130', 'P56', 68.40),
('F130', 'P57', 69.40),
('F130', 'P58', 70.40),
('F130', 'P59', 71.40),
('F130', 'P60', 72.40),
('F130', 'P61', 73.40),
('F130', 'P62', 74.40),
('F130', 'P63', 75.40),
('F130', 'P64', 76.40),
('F130', 'P65', 77.40),
('F130', 'P66', 78.40),
('F130', 'P67', 79.40),
('F130', 'P68', 80.40),
('F130', 'P69', 81.40),
('F130', 'P70', 82.40),
('F130', 'P71', 83.40),
('F130', 'P72', 84.40),
('F130', 'P73', 85.40),
('F130', 'P74', 86.40),
('F130', 'P75', 87.40),
('F130', 'P76', 88.40),
('F130', 'P77', 89.40),
('F130', 'P78', 90.40),
('F130', 'P79', 91.40),
('F130', 'P80', 92.40),
('F14', 'P04', 10.00),
('F14', 'P05', 11.00),
('F14', 'P44', 12.00),
('F15', 'P05', 10.00),
('F15', 'P06', 11.00),
('F15', 'P45', 12.00),
('F16', 'P06', 10.00),
('F16', 'P07', 11.00),
('F16', 'P46', 12.00),
('F17', 'P07', 10.00),
('F17', 'P08', 11.00),
('F17', 'P47', 12.00),
('F18', 'P08', 10.00),
('F18', 'P09', 11.00),
('F18', 'P48', 12.00),
('F19', 'P09', 10.00),
('F19', 'P10', 11.00),
('F19', 'P49', 12.00),
('F20', 'P10', 10.00),
('F20', 'P41', 11.00),
('F20', 'P50', 12.00),
('F21', 'P01', 12.00),
('F21', 'P41', 10.00),
('F21', 'P42', 11.00),
('F22', 'P02', 12.00),
('F22', 'P42', 10.00),
('F22', 'P43', 11.00),
('F23', 'P03', 12.00),
('F23', 'P43', 10.00),
('F23', 'P44', 11.00),
('F24', 'P04', 12.00),
('F24', 'P44', 10.00),
('F24', 'P45', 11.00),
('F25', 'P05', 12.00),
('F25', 'P45', 10.00),
('F25', 'P46', 11.00),
('F26', 'P06', 12.00),
('F26', 'P46', 10.00),
('F26', 'P47', 11.00),
('F27', 'P07', 12.00),
('F27', 'P47', 10.00),
('F27', 'P48', 11.00),
('F28', 'P08', 12.00),
('F28', 'P48', 10.00),
('F28', 'P49', 11.00),
('F29', 'P09', 12.00),
('F29', 'P49', 10.00),
('F29', 'P50', 11.00),
('F30', 'P01', 11.00),
('F30', 'P10', 12.00),
('F30', 'P50', 10.00),
('F31', 'P01', 10.00),
('F31', 'P11', 10.00),
('F32', 'P02', 10.00),
('F32', 'P12', 10.00),
('F33', 'P03', 10.00),
('F33', 'P13', 10.00),
('F34', 'P04', 10.00),
('F34', 'P14', 10.00),
('F35', 'P05', 10.00),
('F35', 'P15', 10.00),
('F36', 'P06', 10.00),
('F36', 'P16', 10.00),
('F37', 'P07', 10.00),
('F37', 'P17', 10.00),
('F38', 'P08', 10.00),
('F38', 'P18', 10.00),
('F39', 'P09', 10.00),
('F39', 'P19', 10.00),
('F40', 'P10', 10.00),
('F40', 'P20', 10.00);

-- --------------------------------------------------------

--
-- Struttura della tabella `Fornitori`
--

CREATE TABLE `Fornitori` (
  `fid` varchar(20) NOT NULL,
  `fnome` varchar(100) NOT NULL,
  `indirizzo` varchar(150) NOT NULL
) ENGINE=InnoDB DEFAULT CHARSET=utf8mb4 COLLATE=utf8mb4_general_ci;

--
-- Dump dei dati per la tabella `Fornitori`
--

INSERT INTO `Fornitori` (`fid`, `fnome`, `indirizzo`) VALUES
('F01', 'Acme', 'Via Roma 1, Milano'),
('F02', 'Beta', 'Via Po 2, Torino'),
('F03', 'Gamma', 'Via Arno 3, Firenze'),
('F04', 'Delta', 'Via Tevere 4, Roma'),
('F05', 'Epsilon', 'Via Adige 5, Verona'),
('F06', 'Zeta', 'Via Piave 6, Venezia'),
('F07', 'Eta', 'Via Liri 7, Frosinone'),
('F08', 'Theta', 'Via Sele 8, Salerno'),
('F09', 'Iota', 'Via Reno 9, Bologna'),
('F10', 'Kappa', 'Via Ticino 10, Pavia'),
('F101', 'UniFornitore01', 'Via Universale 1, Roma'),
('F102', 'UniFornitore02', 'Via Universale 2, Roma'),
('F103', 'UniFornitore03', 'Via Universale 3, Roma'),
('F104', 'UniFornitore04', 'Via Universale 4, Roma'),
('F105', 'UniFornitore05', 'Via Universale 5, Roma'),
('F106', 'UniFornitore06', 'Via Universale 6, Roma'),
('F107', 'UniFornitore07', 'Via Universale 7, Roma'),
('F108', 'UniFornitore08', 'Via Universale 8, Roma'),
('F109', 'UniFornitore09', 'Via Universale 9, Roma'),
('F11', 'RossoUno', 'Via Rossa 11, Napoli'),
('F110', 'UniFornitore10', 'Via Universale 10, Roma'),
('F111', 'UniFornitore11', 'Via Universale 11, Roma'),
('F112', 'UniFornitore12', 'Via Universale 12, Roma'),
('F113', 'UniFornitore13', 'Via Universale 13, Roma'),
('F114', 'UniFornitore14', 'Via Universale 14, Roma'),
('F115', 'UniFornitore15', 'Via Universale 15, Roma'),
('F116', 'UniFornitore16', 'Via Universale 16, Roma'),
('F117', 'UniFornitore17', 'Via Universale 17, Roma'),
('F118', 'UniFornitore18', 'Via Universale 18, Roma'),
('F119', 'UniFornitore19', 'Via Universale 19, Roma'),
('F12', 'RossoDue', 'Via Rossa 12, Napoli'),
('F120', 'UniFornitore20', 'Via Universale 20, Roma'),
('F121', 'UniFornitore21', 'Via Universale 21, Roma'),
('F122', 'UniFornitore22', 'Via Universale 22, Roma'),
('F123', 'UniFornitore23', 'Via Universale 23, Roma'),
('F124', 'UniFornitore24', 'Via Universale 24, Roma'),
('F125', 'UniFornitore25', 'Via Universale 25, Roma'),
('F126', 'UniFornitore26', 'Via Universale 26, Roma'),
('F127', 'UniFornitore27', 'Via Universale 27, Roma'),
('F128', 'UniFornitore28', 'Via Universale 28, Roma'),
('F129', 'UniFornitore29', 'Via Universale 29, Roma'),
('F13', 'RossoTre', 'Via Rossa 13, Napoli'),
('F130', 'UniFornitore30', 'Via Universale 30, Roma'),
('F14', 'RossoQuattro', 'Via Rossa 14, Napoli'),
('F15', 'RossoCinque', 'Via Rossa 15, Napoli'),
('F16', 'RossoSei', 'Via Rossa 16, Napoli'),
('F17', 'RossoSette', 'Via Rossa 17, Napoli'),
('F18', 'RossoOtto', 'Via Rossa 18, Napoli'),
('F19', 'RossoNove', 'Via Rossa 19, Napoli'),
('F20', 'RossoDieci', 'Via Rossa 20, Napoli'),
('F21', 'RossoUndici', 'Via Rossa 21, Napoli'),
('F22', 'RossoDodici', 'Via Rossa 22, Napoli'),
('F23', 'RossoTredici', 'Via Rossa 23, Napoli'),
('F24', 'RossoQuattordici', 'Via Rossa 24, Napoli'),
('F25', 'RossoQuindici', 'Via Rossa 25, Napoli'),
('F26', 'RossoDiciassei', 'Via Rossa 26, Napoli'),
('F27', 'RossoDiciassette', 'Via Rossa 27, Napoli'),
('F28', 'RossoDiciotto', 'Via Rossa 28, Napoli'),
('F29', 'RossoNovantanove', 'Via Rossa 29, Napoli'),
('F30', 'RossoTrenta', 'Via Rossa 30, Napoli'),
('F31', 'MixUno', 'Via Mix 31, Bari'),
('F32', 'MixDue', 'Via Mix 32, Bari'),
('F33', 'MixTre', 'Via Mix 33, Bari'),
('F34', 'MixQuattro', 'Via Mix 34, Bari'),
('F35', 'MixCinque', 'Via Mix 35, Bari'),
('F36', 'MixSei', 'Via Mix 36, Bari'),
('F37', 'MixSette', 'Via Mix 37, Bari'),
('F38', 'MixOtto', 'Via Mix 38, Bari'),
('F39', 'MixNove', 'Via Mix 39, Bari'),
('F40', 'MixDieci', 'Via Mix 40, Bari');

-- --------------------------------------------------------

--
-- Struttura della tabella `Pezzi`
--

CREATE TABLE `Pezzi` (
  `pid` varchar(20) NOT NULL,
  `pnome` varchar(100) NOT NULL,
  `colore` varchar(50) NOT NULL
) ENGINE=InnoDB DEFAULT CHARSET=utf8mb4 COLLATE=utf8mb4_general_ci;

--
-- Dump dei dati per la tabella `Pezzi`
--

INSERT INTO `Pezzi` (`pid`, `pnome`, `colore`) VALUES
('P01', 'Bullone R1', 'rosso'),
('P02', 'Bullone R2', 'rosso'),
('P03', 'Vite R3', 'rosso'),
('P04', 'Vite R4', 'rosso'),
('P05', 'Dado R5', 'rosso'),
('P06', 'Dado R6', 'rosso'),
('P07', 'Perno R7', 'rosso'),
('P08', 'Perno R8', 'rosso'),
('P09', 'Rondella R9', 'rosso'),
('P10', 'Rondella R10', 'rosso'),
('P11', 'Bullone V1', 'verde'),
('P12', 'Bullone V2', 'verde'),
('P13', 'Vite V3', 'verde'),
('P14', 'Vite V4', 'verde'),
('P15', 'Dado V5', 'verde'),
('P16', 'Dado V6', 'verde'),
('P17', 'Perno V7', 'verde'),
('P18', 'Perno V8', 'verde'),
('P19', 'Rondella V9', 'verde'),
('P20', 'Rondella V10', 'verde'),
('P21', 'Bullone B1', 'blu'),
('P22', 'Bullone B2', 'blu'),
('P23', 'Vite B3', 'blu'),
('P24', 'Vite B4', 'blu'),
('P25', 'Dado B5', 'blu'),
('P26', 'Dado B6', 'blu'),
('P27', 'Perno B7', 'blu'),
('P28', 'Perno B8', 'blu'),
('P29', 'Rondella B9', 'blu'),
('P30', 'Rondella B10', 'blu'),
('P31', 'Bullone G1', 'giallo'),
('P32', 'Vite G2', 'giallo'),
('P33', 'Dado G3', 'giallo'),
('P34', 'Perno G4', 'giallo'),
('P35', 'Rondella G5', 'giallo'),
('P36', 'Bullone N1', 'nero'),
('P37', 'Vite N2', 'nero'),
('P38', 'Dado N3', 'nero'),
('P39', 'Perno N4', 'nero'),
('P40', 'Rondella N5', 'nero'),
('P41', 'Staffa R41', 'rosso'),
('P42', 'Staffa R42', 'rosso'),
('P43', 'Staffa R43', 'rosso'),
('P44', 'Staffa R44', 'rosso'),
('P45', 'Staffa R45', 'rosso'),
('P46', 'Staffa R46', 'rosso'),
('P47', 'Staffa R47', 'rosso'),
('P48', 'Staffa R48', 'rosso'),
('P49', 'Staffa R49', 'rosso'),
('P50', 'Staffa R50', 'rosso'),
('P500', 'ANDRES', 'VERDE'),
('P51', 'Gancio R51', 'rosso'),
('P52', 'Gancio R52', 'rosso'),
('P53', 'Gancio R53', 'rosso'),
('P54', 'Gancio R54', 'rosso'),
('P55', 'Gancio R55', 'rosso'),
('P56', 'Gancio R56', 'rosso'),
('P57', 'Gancio R57', 'rosso'),
('P58', 'Gancio R58', 'rosso'),
('P59', 'Gancio R59', 'rosso'),
('P60', 'Gancio R60', 'rosso'),
('P61', 'Molla R61', 'rosso'),
('P62', 'Molla R62', 'rosso'),
('P63', 'Molla R63', 'rosso'),
('P64', 'Molla R64', 'rosso'),
('P65', 'Molla R65', 'rosso'),
('P66', 'Molla R66', 'rosso'),
('P67', 'Molla R67', 'rosso'),
('P68', 'Molla R68', 'rosso'),
('P69', 'Molla R69', 'rosso'),
('P70', 'Molla R70', 'rosso'),
('P71', 'Chiave R71', 'rosso'),
('P72', 'Chiave R72', 'rosso'),
('P73', 'Chiave R73', 'rosso'),
('P74', 'Chiave R74', 'rosso'),
('P75', 'Chiave R75', 'rosso'),
('P76', 'Chiave R76', 'rosso'),
('P77', 'Chiave R77', 'rosso'),
('P78', 'Chiave R78', 'rosso'),
('P79', 'Chiave R79', 'rosso'),
('P80', 'Chiave R80', 'rosso');

--
-- Indici per le tabelle scaricate
--

--
-- Indici per le tabelle `Catalogo`
--
ALTER TABLE `Catalogo`
  ADD PRIMARY KEY (`fid`,`pid`),
  ADD KEY `pid` (`pid`);

--
-- Indici per le tabelle `Fornitori`
--
ALTER TABLE `Fornitori`
  ADD PRIMARY KEY (`fid`);

--
-- Indici per le tabelle `Pezzi`
--
ALTER TABLE `Pezzi`
  ADD PRIMARY KEY (`pid`);

--
-- Limiti per le tabelle scaricate
--

--
-- Limiti per la tabella `Catalogo`
--
ALTER TABLE `Catalogo`
  ADD CONSTRAINT `Catalogo_ibfk_1` FOREIGN KEY (`fid`) REFERENCES `Fornitori` (`fid`) ON DELETE CASCADE ON UPDATE CASCADE,
  ADD CONSTRAINT `Catalogo_ibfk_2` FOREIGN KEY (`pid`) REFERENCES `Pezzi` (`pid`) ON DELETE CASCADE ON UPDATE CASCADE;
COMMIT;

/*!40101 SET CHARACTER_SET_CLIENT=@OLD_CHARACTER_SET_CLIENT */;
/*!40101 SET CHARACTER_SET_RESULTS=@OLD_CHARACTER_SET_RESULTS */;
/*!40101 SET COLLATION_CONNECTION=@OLD_COLLATION_CONNECTION */;
