-- phpMyAdmin SQL Dump
-- version 5.2.3
-- https://www.phpmyadmin.net/
--
-- Host: localhost
-- Creato il: Feb 27, 2026 alle 12:54
-- Versione del server: 10.11.14-MariaDB-0ubuntu0.24.04.1
-- Versione PHP: 8.3.6

SET SQL_MODE = "NO_AUTO_VALUE_ON_ZERO";
START TRANSACTION;
SET time_zone = "+00:00";


/*!40101 SET @OLD_CHARACTER_SET_CLIENT=@@CHARACTER_SET_CLIENT */;
/*!40101 SET @OLD_CHARACTER_SET_RESULTS=@@CHARACTER_SET_RESULTS */;
/*!40101 SET @OLD_COLLATION_CONNECTION=@@COLLATION_CONNECTION */;
/*!40101 SET NAMES utf8mb4 */;

--
-- Database: `magazzino`
--

-- --------------------------------------------------------

--
-- Struttura della tabella `Catalogo`
--

CREATE TABLE `Catalogo` (
  `fid` int(11) NOT NULL,
  `pid` int(11) NOT NULL,
  `costo` decimal(10,2) NOT NULL
) ENGINE=InnoDB DEFAULT CHARSET=utf8mb4 COLLATE=utf8mb4_general_ci;

--
-- Dump dei dati per la tabella `Catalogo`
--

INSERT INTO `Catalogo` (`fid`, `pid`, `costo`) VALUES
(1, 3, 0.62),
(1, 9, 1.24),
(1, 12, 0.11),
(1, 19, 1.35),
(1, 23, 0.40),
(1, 28, 0.95),
(1, 34, 0.79),
(1, 40, 0.57),
(1, 50, 0.40),
(1, 54, 0.34),
(1, 58, 0.31),
(1, 65, 0.22),
(1, 71, 0.36),
(1, 79, 0.25),
(1, 84, 0.74),
(1, 95, 1.17),
(1, 99, 1.13),
(1, 105, 0.45),
(1, 111, 0.13),
(1, 118, 0.97),
(1, 123, 0.24),
(1, 135, 3.03),
(1, 136, 7.54),
(1, 137, 9.93),
(1, 138, 9.27),
(1, 139, 8.98),
(1, 140, 0.33),
(1, 141, 9.68),
(1, 142, 2.06),
(1, 143, 0.17),
(1, 144, 4.90),
(2, 3, 0.37),
(2, 9, 1.40),
(2, 12, 0.91),
(2, 19, 0.68),
(2, 23, 0.57),
(2, 28, 0.76),
(2, 34, 0.47),
(2, 40, 1.27),
(2, 50, 0.87),
(2, 54, 1.34),
(2, 58, 1.48),
(2, 65, 0.42),
(2, 71, 0.93),
(2, 79, 0.96),
(2, 84, 0.43),
(2, 95, 0.70),
(2, 99, 1.00),
(2, 105, 0.83),
(2, 111, 0.73),
(2, 118, 0.60),
(2, 123, 0.84),
(3, 3, 0.83),
(3, 9, 1.22),
(3, 12, 0.70),
(3, 19, 0.78),
(3, 23, 1.03),
(3, 28, 0.54),
(3, 34, 1.07),
(3, 40, 0.23),
(3, 50, 0.93),
(3, 54, 0.40),
(3, 58, 0.67),
(3, 65, 1.49),
(3, 71, 0.89),
(3, 79, 1.15),
(3, 84, 0.43),
(3, 95, 0.48),
(3, 99, 0.50),
(3, 105, 0.58),
(3, 111, 0.33),
(3, 118, 1.19),
(3, 123, 0.11),
(3, 135, 1.47),
(3, 136, 3.43),
(3, 137, 2.51),
(3, 138, 6.73),
(3, 139, 2.22),
(3, 140, 6.02),
(3, 141, 9.09),
(3, 142, 7.48),
(3, 143, 2.12),
(3, 144, 8.68),
(4, 3, 0.59),
(4, 9, 0.85),
(4, 12, 0.37),
(4, 19, 0.23),
(4, 23, 0.69),
(4, 28, 1.50),
(4, 34, 1.38),
(4, 40, 1.39),
(4, 50, 0.32),
(4, 54, 1.42),
(4, 58, 1.23),
(4, 65, 0.66),
(4, 71, 1.48),
(4, 79, 0.95),
(4, 84, 0.98),
(4, 95, 1.48),
(4, 99, 1.19),
(4, 105, 0.11),
(4, 111, 0.16),
(4, 118, 0.66),
(4, 123, 0.22),
(4, 135, 6.26),
(4, 136, 5.60),
(4, 137, 1.40),
(4, 138, 4.25),
(4, 139, 9.19),
(4, 140, 3.30),
(4, 141, 5.79),
(4, 142, 4.01),
(4, 143, 4.28),
(4, 144, 1.20),
(5, 3, 0.73),
(5, 9, 0.86),
(5, 12, 1.19),
(5, 19, 0.18),
(5, 23, 1.00),
(5, 28, 0.97),
(5, 34, 1.16),
(5, 40, 1.09),
(5, 50, 0.59),
(5, 54, 1.23),
(5, 58, 0.43),
(5, 65, 0.84),
(5, 71, 1.02),
(5, 79, 1.12),
(5, 84, 0.83),
(5, 95, 0.79),
(5, 99, 0.84),
(5, 105, 0.40),
(5, 111, 1.39),
(5, 118, 0.63),
(5, 123, 0.24),
(5, 135, 6.55),
(5, 136, 3.23),
(5, 137, 8.19),
(5, 138, 3.75),
(5, 139, 4.10),
(5, 140, 3.21),
(5, 141, 2.38),
(5, 142, 7.44),
(5, 143, 8.93),
(5, 144, 7.26),
(6, 3, 1.16),
(6, 9, 0.48),
(6, 12, 0.91),
(6, 19, 0.17),
(6, 23, 1.25),
(6, 28, 0.69),
(6, 34, 0.95),
(6, 40, 0.91),
(6, 50, 0.82),
(6, 54, 0.38),
(6, 58, 0.65),
(6, 65, 1.37),
(6, 71, 0.22),
(6, 79, 0.21),
(6, 84, 1.08),
(6, 95, 1.23),
(6, 99, 0.44),
(6, 105, 0.50),
(6, 111, 1.30),
(6, 118, 1.11),
(6, 123, 1.09),
(7, 3, 0.81),
(7, 9, 0.60),
(7, 12, 0.13),
(7, 19, 0.29),
(7, 23, 1.42),
(7, 28, 0.72),
(7, 34, 0.11),
(7, 40, 0.58),
(7, 50, 0.82),
(7, 54, 0.26),
(7, 58, 0.13),
(7, 65, 0.61),
(7, 71, 0.81),
(7, 79, 0.37),
(7, 84, 0.60),
(7, 95, 0.22),
(7, 99, 0.56),
(7, 105, 0.16),
(7, 111, 1.22),
(7, 118, 0.72),
(7, 123, 0.88),
(8, 3, 0.36),
(8, 9, 0.89),
(8, 12, 1.28),
(8, 19, 1.06),
(8, 23, 0.61),
(8, 28, 0.68),
(8, 34, 1.18),
(8, 40, 0.50),
(8, 50, 0.75),
(8, 54, 1.06),
(8, 58, 0.82),
(8, 65, 1.33),
(8, 71, 0.30),
(8, 79, 0.78),
(8, 84, 1.02),
(8, 95, 1.23),
(8, 99, 1.10),
(8, 105, 0.94),
(8, 111, 0.81),
(8, 118, 0.86),
(8, 123, 1.35),
(8, 135, 9.29),
(8, 136, 2.54),
(8, 137, 3.80),
(8, 138, 4.35),
(8, 139, 3.83),
(8, 140, 1.25),
(8, 141, 9.70),
(8, 142, 2.77),
(8, 143, 4.57),
(8, 144, 5.25),
(9, 3, 1.12),
(9, 9, 1.41),
(9, 12, 0.88),
(9, 19, 0.57),
(9, 23, 0.35),
(9, 28, 0.36),
(9, 34, 0.50),
(9, 40, 1.49),
(9, 50, 0.67),
(9, 54, 0.20),
(9, 58, 0.37),
(9, 65, 0.33),
(9, 71, 0.99),
(9, 79, 1.25),
(9, 84, 1.24),
(9, 95, 1.13),
(9, 99, 0.18),
(9, 105, 0.83),
(9, 111, 0.66),
(9, 118, 1.49),
(9, 123, 1.45),
(9, 135, 1.37),
(9, 136, 5.10),
(9, 137, 3.08),
(9, 138, 8.87),
(9, 139, 8.44),
(9, 140, 8.47),
(9, 141, 9.01),
(9, 142, 4.80),
(9, 143, 0.43),
(9, 144, 8.87),
(10, 3, 1.24),
(10, 9, 0.48),
(10, 12, 1.38),
(10, 19, 0.19),
(10, 23, 1.22),
(10, 28, 1.09),
(10, 34, 1.29),
(10, 40, 0.49),
(10, 50, 1.18),
(10, 54, 1.50),
(10, 58, 0.55),
(10, 65, 0.46),
(10, 71, 1.11),
(10, 79, 0.83),
(10, 84, 0.45),
(10, 95, 1.03),
(10, 99, 0.37),
(10, 105, 1.36),
(10, 111, 0.69),
(10, 118, 0.23),
(10, 123, 0.71),
(12, 1, 0.93),
(12, 2, 7.90),
(12, 3, 0.72),
(12, 4, 9.78),
(12, 5, 4.28),
(12, 6, 5.44),
(12, 7, 5.10),
(12, 8, 4.47),
(12, 9, 0.14),
(12, 10, 9.53),
(12, 11, 7.41),
(12, 12, 7.39),
(12, 13, 9.85),
(12, 14, 4.51),
(12, 15, 1.69),
(12, 16, 9.05),
(12, 17, 0.88),
(12, 18, 8.44),
(12, 19, 5.43),
(12, 20, 5.90),
(12, 21, 5.65),
(12, 22, 5.80),
(12, 23, 3.35),
(12, 24, 3.62),
(12, 25, 1.39),
(12, 26, 4.50),
(12, 27, 3.98),
(12, 28, 5.75),
(12, 29, 5.90),
(12, 30, 7.45),
(12, 31, 1.51),
(12, 32, 7.21),
(12, 33, 8.94),
(12, 34, 9.19),
(12, 35, 4.20),
(12, 36, 5.46),
(12, 37, 5.77),
(12, 38, 5.13),
(12, 39, 0.85),
(12, 40, 8.89),
(12, 41, 8.13),
(12, 42, 9.69),
(12, 43, 2.93),
(12, 44, 3.70),
(12, 45, 6.86),
(12, 46, 6.30),
(12, 47, 3.21),
(12, 48, 4.68),
(12, 49, 8.61),
(12, 50, 8.53),
(12, 51, 3.75),
(12, 52, 7.25),
(12, 53, 4.65),
(12, 54, 9.94),
(12, 55, 4.74),
(12, 56, 6.37),
(12, 57, 7.02),
(12, 58, 4.23),
(12, 59, 4.07),
(12, 60, 9.96),
(12, 61, 3.99),
(12, 62, 3.79),
(12, 63, 2.02),
(12, 64, 5.65),
(12, 65, 8.11),
(12, 66, 4.88),
(12, 67, 4.32),
(12, 68, 2.45),
(12, 69, 7.50),
(12, 70, 4.26),
(12, 71, 2.65),
(12, 72, 8.66),
(12, 73, 6.87),
(12, 74, 6.17),
(12, 75, 4.93),
(12, 76, 9.82),
(12, 77, 7.32),
(12, 78, 1.71),
(12, 79, 3.97),
(12, 80, 3.22),
(12, 81, 9.78),
(12, 82, 7.11),
(12, 83, 3.42),
(12, 84, 4.10),
(12, 85, 8.39),
(12, 86, 5.30),
(12, 87, 7.06),
(12, 88, 8.11),
(12, 89, 3.04),
(12, 90, 7.82),
(12, 91, 4.50),
(12, 92, 5.00),
(12, 93, 8.52),
(12, 94, 2.95),
(12, 95, 2.99),
(12, 96, 7.85),
(12, 97, 8.13),
(12, 98, 3.60),
(12, 99, 7.37),
(12, 100, 2.32),
(12, 101, 1.88),
(12, 102, 3.19),
(12, 103, 3.04),
(12, 104, 4.14),
(12, 105, 7.36),
(12, 106, 4.80),
(12, 107, 7.82),
(12, 108, 8.53),
(12, 109, 9.64),
(12, 110, 3.90),
(12, 111, 3.91),
(12, 112, 4.60),
(12, 113, 4.67),
(12, 114, 2.54),
(12, 115, 5.81),
(12, 116, 8.29),
(12, 117, 0.59),
(12, 118, 2.17),
(12, 119, 9.04),
(12, 120, 8.87),
(12, 121, 3.83),
(12, 122, 5.14),
(12, 123, 0.75),
(12, 124, 2.73),
(12, 125, 1.12),
(12, 126, 3.13),
(13, 1, 5.74),
(13, 2, 1.68),
(13, 3, 4.77),
(13, 4, 7.20),
(13, 5, 2.03),
(13, 6, 0.16),
(13, 7, 1.23),
(13, 8, 0.93),
(13, 9, 9.54),
(13, 10, 7.70),
(13, 11, 4.52),
(13, 12, 8.12),
(13, 13, 8.65),
(13, 14, 5.77),
(13, 15, 7.45),
(13, 16, 1.66),
(13, 17, 2.60),
(13, 18, 1.60),
(13, 19, 5.67),
(13, 20, 2.97),
(13, 21, 8.84),
(13, 22, 6.81),
(13, 23, 8.00),
(13, 24, 6.75),
(13, 25, 0.61),
(13, 26, 0.10),
(13, 27, 2.04),
(13, 28, 2.75),
(13, 29, 4.55),
(13, 30, 3.28),
(13, 31, 1.61),
(13, 32, 6.61),
(13, 33, 0.60),
(13, 34, 4.15),
(13, 35, 1.24),
(13, 36, 7.86),
(13, 37, 0.34),
(13, 38, 3.26),
(13, 39, 9.29),
(13, 40, 8.59),
(13, 41, 6.10),
(13, 42, 8.06),
(13, 43, 4.52),
(13, 44, 9.43),
(13, 45, 8.53),
(13, 46, 0.27),
(13, 47, 6.97),
(13, 48, 4.34),
(13, 49, 0.79),
(13, 50, 9.98),
(13, 51, 5.89),
(13, 52, 0.95),
(13, 53, 1.40),
(13, 54, 0.79),
(13, 55, 0.39),
(13, 56, 2.64),
(13, 57, 5.30),
(13, 58, 2.92),
(13, 59, 0.86),
(13, 60, 6.95),
(13, 61, 4.35),
(13, 62, 8.82),
(13, 63, 1.13),
(13, 64, 8.70),
(13, 65, 1.54),
(13, 66, 8.88),
(13, 67, 3.59),
(13, 68, 2.84),
(13, 69, 3.99),
(13, 70, 0.35),
(13, 71, 6.81),
(13, 72, 4.48),
(13, 73, 1.79),
(13, 74, 8.22),
(13, 75, 6.44),
(13, 76, 0.36),
(13, 77, 9.26),
(13, 78, 2.12),
(13, 79, 3.65),
(13, 80, 0.42),
(13, 81, 5.54),
(13, 82, 5.62),
(13, 83, 6.83),
(13, 84, 5.35),
(13, 85, 4.08),
(13, 86, 0.64),
(13, 87, 0.48),
(13, 88, 7.69),
(13, 89, 4.57),
(13, 90, 8.52),
(13, 91, 8.49),
(13, 92, 9.15),
(13, 93, 8.17),
(13, 94, 7.93),
(13, 95, 4.52),
(13, 96, 3.96),
(13, 97, 7.80),
(13, 98, 1.21),
(13, 99, 4.67),
(13, 100, 0.63),
(13, 101, 0.54),
(13, 102, 0.14),
(13, 103, 7.32),
(13, 104, 6.26),
(13, 105, 7.60),
(13, 106, 5.88),
(13, 107, 8.47),
(13, 108, 9.11),
(13, 109, 3.59),
(13, 110, 6.21),
(13, 111, 7.67),
(13, 112, 3.44),
(13, 113, 9.88),
(13, 114, 8.40),
(13, 115, 1.81),
(13, 116, 2.03),
(13, 117, 6.24),
(13, 118, 1.68),
(13, 119, 2.20),
(13, 120, 4.50),
(13, 121, 4.99),
(13, 122, 7.69),
(13, 123, 1.95),
(13, 124, 1.55),
(13, 125, 9.36),
(13, 126, 1.52),
(13, 137, 5.71),
(13, 138, 6.08),
(13, 139, 2.29),
(13, 140, 8.04),
(13, 141, 3.05),
(13, 142, 0.25),
(13, 143, 6.52),
(13, 144, 2.57),
(13, 145, 4.16),
(13, 146, 1.95),
(14, 1, 3.20),
(14, 2, 8.85),
(14, 3, 7.31),
(14, 4, 4.49),
(14, 5, 6.42),
(14, 6, 6.35),
(14, 7, 3.76),
(14, 8, 5.63),
(14, 9, 4.96),
(14, 10, 5.27),
(14, 11, 9.37),
(14, 12, 8.82),
(14, 13, 7.85),
(14, 14, 8.07),
(14, 15, 0.83),
(14, 16, 8.79),
(14, 17, 0.62),
(14, 18, 9.05),
(14, 19, 4.23),
(14, 20, 6.56),
(14, 21, 7.79),
(14, 22, 1.84),
(14, 23, 4.08),
(14, 24, 4.69),
(14, 25, 1.25),
(14, 26, 2.58),
(14, 27, 9.67),
(14, 28, 4.59),
(14, 29, 7.70),
(14, 30, 8.76),
(14, 31, 2.09),
(14, 32, 3.81),
(14, 33, 0.78),
(14, 34, 4.70),
(14, 35, 7.92),
(14, 36, 5.24),
(14, 37, 2.50),
(14, 38, 9.75),
(14, 39, 2.96),
(14, 40, 4.19),
(14, 41, 3.76),
(14, 42, 5.99),
(14, 43, 6.72),
(14, 44, 9.69),
(14, 45, 3.68),
(14, 46, 9.01),
(14, 47, 8.02),
(14, 48, 8.71),
(14, 49, 1.59),
(14, 50, 2.36),
(14, 51, 4.78),
(14, 52, 2.50),
(14, 53, 0.37),
(14, 54, 5.71),
(14, 55, 5.97),
(14, 56, 4.20),
(14, 57, 4.29),
(14, 58, 0.95),
(14, 59, 0.91),
(14, 60, 9.11),
(14, 61, 7.31),
(14, 62, 3.41),
(14, 63, 5.55),
(14, 64, 1.65),
(14, 65, 3.03),
(14, 66, 9.25),
(14, 67, 3.77),
(14, 68, 8.08),
(14, 69, 9.82),
(14, 70, 6.49),
(14, 71, 4.38),
(14, 72, 8.25),
(14, 73, 4.04),
(14, 74, 0.75),
(14, 75, 3.44),
(14, 76, 1.23),
(14, 77, 9.26),
(14, 78, 6.29),
(14, 79, 8.26),
(14, 80, 6.31),
(14, 81, 2.82),
(14, 82, 4.38),
(14, 83, 7.07),
(14, 84, 1.81),
(14, 85, 7.75),
(14, 86, 8.84),
(14, 87, 3.59),
(14, 88, 1.53),
(14, 89, 7.47),
(14, 90, 3.59),
(14, 91, 6.89),
(14, 92, 8.63),
(14, 93, 7.11),
(14, 94, 8.88),
(14, 95, 5.70),
(14, 96, 4.24),
(14, 97, 0.89),
(14, 98, 8.72),
(14, 99, 9.61),
(14, 100, 3.50),
(14, 101, 5.11),
(14, 102, 2.30),
(14, 103, 3.53),
(14, 104, 4.11),
(14, 105, 2.45),
(14, 106, 0.88),
(14, 107, 3.05),
(14, 108, 5.77),
(14, 109, 6.50),
(14, 110, 2.26),
(14, 111, 7.41),
(14, 112, 9.71),
(14, 113, 6.87),
(14, 114, 6.79),
(14, 115, 7.23),
(14, 116, 7.27),
(14, 117, 3.40),
(14, 118, 5.21),
(14, 119, 9.91),
(14, 120, 0.94),
(14, 121, 2.02),
(14, 122, 1.82),
(14, 123, 9.72),
(14, 124, 7.00),
(14, 125, 3.76),
(14, 126, 1.92),
(15, 1, 3.06),
(15, 2, 9.42),
(15, 3, 6.91),
(15, 4, 4.58),
(15, 5, 9.79),
(15, 6, 7.76),
(15, 7, 7.39),
(15, 8, 7.53),
(15, 9, 7.53),
(15, 10, 9.28),
(15, 11, 6.19),
(15, 12, 2.58),
(15, 13, 3.39),
(15, 14, 8.31),
(15, 15, 7.43),
(15, 16, 3.93),
(15, 17, 8.58),
(15, 18, 6.84),
(15, 19, 6.85),
(15, 20, 1.24),
(15, 21, 0.90),
(15, 22, 5.98),
(15, 23, 2.12),
(15, 24, 6.12),
(15, 25, 4.39),
(15, 26, 9.49),
(15, 27, 4.42),
(15, 28, 2.27),
(15, 29, 8.07),
(15, 30, 4.63),
(15, 31, 7.67),
(15, 32, 6.35),
(15, 33, 4.65),
(15, 34, 7.14),
(15, 35, 9.54),
(15, 36, 8.05),
(15, 37, 4.27),
(15, 38, 5.80),
(15, 39, 8.79),
(15, 40, 8.65),
(15, 41, 1.48),
(15, 42, 4.86),
(15, 43, 3.91),
(15, 44, 4.47),
(15, 45, 8.87),
(15, 46, 0.72),
(15, 47, 4.07),
(15, 48, 5.84),
(15, 49, 8.67),
(15, 50, 5.85),
(15, 51, 6.53),
(15, 52, 4.56),
(15, 53, 1.39),
(15, 54, 1.87),
(15, 55, 4.97),
(15, 56, 5.75),
(15, 57, 7.21),
(15, 58, 8.63),
(15, 59, 7.31),
(15, 60, 6.92),
(15, 61, 8.49),
(15, 62, 8.37),
(15, 63, 3.40),
(15, 64, 0.15),
(15, 65, 9.26),
(15, 66, 1.97),
(15, 67, 1.12),
(15, 68, 9.48),
(15, 69, 9.39),
(15, 70, 3.50),
(15, 71, 8.71),
(15, 72, 6.34),
(15, 73, 1.44),
(15, 74, 1.34),
(15, 75, 5.03),
(15, 76, 5.73),
(15, 77, 3.81),
(15, 78, 5.27),
(15, 79, 2.45),
(15, 80, 5.06),
(15, 81, 9.75),
(15, 82, 5.81),
(15, 83, 8.49),
(15, 84, 10.00),
(15, 85, 2.82),
(15, 86, 2.78),
(15, 87, 9.21),
(15, 88, 2.04),
(15, 89, 5.72),
(15, 90, 7.22),
(15, 91, 5.61),
(15, 92, 3.20),
(15, 93, 9.38),
(15, 94, 7.87),
(15, 95, 5.24),
(15, 96, 1.64),
(15, 97, 7.77),
(15, 98, 1.22),
(15, 99, 8.47),
(15, 100, 5.86),
(15, 101, 2.30),
(15, 102, 5.53),
(15, 103, 6.85),
(15, 104, 4.54),
(15, 105, 0.17),
(15, 106, 0.94),
(15, 107, 1.04),
(15, 108, 7.24),
(15, 109, 0.16),
(15, 110, 7.36),
(15, 111, 1.67),
(15, 112, 0.18),
(15, 113, 2.01),
(15, 114, 8.91),
(15, 115, 1.77),
(15, 116, 1.11),
(15, 117, 3.14),
(15, 118, 0.75),
(15, 119, 5.35),
(15, 120, 5.65),
(15, 121, 2.43),
(15, 122, 8.00),
(15, 123, 8.48),
(15, 124, 3.83),
(15, 125, 9.12),
(15, 126, 1.73),
(15, 137, 1.13),
(15, 138, 4.84),
(15, 139, 2.38),
(15, 140, 5.25),
(15, 141, 3.12),
(15, 142, 4.13),
(15, 143, 3.44),
(15, 144, 7.76),
(15, 145, 0.19),
(15, 146, 7.55),
(16, 127, 6.31),
(16, 128, 9.50),
(16, 129, 2.74),
(16, 130, 4.34),
(16, 131, 0.15),
(16, 132, 2.53),
(16, 133, 0.19),
(16, 134, 0.91),
(16, 135, 2.76),
(16, 136, 9.06),
(16, 137, 9.62),
(16, 138, 5.53),
(16, 139, 2.04),
(16, 140, 7.58),
(16, 141, 3.24),
(16, 142, 1.79),
(16, 143, 5.49),
(16, 144, 5.74),
(16, 145, 6.57),
(16, 146, 3.37),
(17, 1, 5.25),
(17, 2, 4.17),
(17, 3, 4.48),
(17, 4, 8.54),
(17, 5, 4.26),
(17, 6, 6.89),
(17, 7, 2.48),
(17, 8, 8.11),
(17, 9, 6.92),
(17, 10, 2.21),
(17, 11, 9.00),
(17, 12, 6.43),
(17, 13, 2.58),
(17, 14, 0.86),
(17, 15, 3.64),
(17, 16, 6.00),
(17, 17, 0.41),
(17, 18, 2.22),
(17, 19, 8.31),
(17, 20, 3.24),
(17, 21, 2.84),
(17, 22, 3.31),
(17, 23, 4.18),
(17, 24, 5.47),
(17, 25, 1.61),
(17, 26, 4.04),
(17, 27, 7.25),
(17, 28, 9.68),
(17, 29, 1.23),
(17, 30, 6.50),
(17, 31, 0.62),
(17, 32, 8.42),
(17, 33, 4.97),
(17, 34, 4.31),
(17, 35, 8.45),
(17, 36, 6.38),
(17, 37, 8.05),
(17, 38, 6.88),
(17, 39, 9.79),
(17, 40, 8.88),
(17, 41, 7.51),
(17, 42, 7.93),
(17, 43, 7.48),
(17, 44, 0.52),
(17, 45, 6.84),
(17, 46, 0.15),
(17, 47, 7.40),
(17, 48, 0.85),
(17, 49, 6.34),
(17, 50, 0.17),
(17, 51, 9.54),
(17, 52, 9.10),
(17, 53, 5.45),
(17, 54, 5.11),
(17, 55, 2.91),
(17, 56, 2.67),
(17, 57, 9.12),
(17, 58, 3.67),
(17, 59, 3.11),
(17, 60, 4.91),
(17, 61, 9.95),
(17, 62, 9.17),
(17, 63, 5.30),
(17, 64, 1.16),
(17, 65, 0.37),
(17, 66, 8.72),
(17, 67, 3.20),
(17, 68, 4.72),
(17, 69, 2.39),
(17, 70, 6.31),
(17, 71, 2.57),
(17, 72, 6.88),
(17, 73, 0.41),
(17, 74, 7.95),
(17, 75, 4.47),
(17, 76, 3.66),
(17, 77, 0.22),
(17, 78, 9.87),
(17, 79, 7.12),
(17, 80, 5.10),
(17, 81, 8.23),
(17, 82, 5.60),
(17, 83, 9.51),
(17, 84, 2.00),
(17, 85, 4.94),
(17, 86, 8.35),
(17, 87, 8.87),
(17, 88, 1.21),
(17, 89, 8.44),
(17, 90, 1.41),
(17, 91, 5.74),
(17, 92, 4.99),
(17, 93, 2.38),
(17, 94, 4.74),
(17, 95, 2.05),
(17, 96, 6.52),
(17, 97, 1.05),
(17, 98, 3.93),
(17, 99, 2.57),
(17, 100, 0.84),
(17, 101, 7.72),
(17, 102, 4.18),
(17, 103, 4.70),
(17, 104, 9.33),
(17, 105, 0.64),
(17, 106, 4.06),
(17, 107, 5.29),
(17, 108, 6.28),
(17, 109, 1.64),
(17, 110, 2.61),
(17, 111, 9.28),
(17, 112, 0.22),
(17, 113, 5.39),
(17, 114, 6.74),
(17, 115, 8.45),
(17, 116, 4.72),
(17, 117, 1.66),
(17, 118, 8.24),
(17, 119, 2.03),
(17, 120, 3.53),
(17, 121, 2.49),
(17, 122, 8.06),
(17, 123, 6.66),
(17, 124, 8.04),
(17, 125, 6.72),
(17, 126, 6.57),
(17, 137, 3.93),
(17, 138, 1.58),
(17, 139, 8.03),
(17, 140, 2.54),
(17, 141, 4.27),
(17, 142, 4.27),
(17, 143, 2.12),
(17, 144, 7.79),
(17, 145, 7.96),
(17, 146, 5.96),
(18, 127, 3.73),
(18, 128, 3.03),
(18, 129, 9.07),
(18, 130, 4.70),
(18, 131, 4.96),
(18, 132, 2.25),
(18, 133, 7.70),
(18, 134, 8.20),
(18, 135, 3.86),
(18, 136, 4.86),
(18, 137, 2.24),
(18, 138, 1.78),
(18, 139, 9.61),
(18, 140, 8.49),
(18, 141, 0.68),
(18, 142, 1.61),
(18, 143, 7.73),
(18, 144, 4.09),
(18, 145, 6.95),
(18, 146, 9.86),
(19, 1, 2.85),
(19, 2, 0.65),
(19, 3, 3.39),
(19, 4, 3.45),
(19, 5, 5.33),
(19, 6, 5.28),
(19, 7, 4.64),
(19, 8, 4.07),
(19, 9, 2.90),
(19, 10, 9.15),
(19, 11, 9.88),
(19, 12, 0.47),
(19, 13, 3.53),
(19, 14, 7.14),
(19, 15, 1.10),
(19, 16, 0.49),
(19, 17, 9.20),
(19, 18, 3.07),
(19, 19, 1.85),
(19, 20, 2.53),
(19, 21, 6.99),
(19, 22, 9.70),
(19, 23, 5.21),
(19, 24, 4.09),
(19, 25, 3.32),
(19, 26, 9.69),
(19, 27, 0.63),
(19, 28, 3.00),
(19, 29, 3.96),
(19, 30, 6.74),
(19, 31, 1.58),
(19, 32, 0.63),
(19, 33, 6.11),
(19, 34, 9.56),
(19, 35, 9.80),
(19, 36, 8.40),
(19, 37, 2.45),
(19, 38, 1.63),
(19, 39, 7.71),
(19, 40, 3.47),
(19, 41, 9.09),
(19, 42, 9.88),
(19, 43, 4.46),
(19, 44, 4.45),
(19, 45, 1.28),
(19, 46, 1.34),
(19, 47, 1.91),
(19, 48, 8.02),
(19, 49, 4.04),
(19, 50, 4.76),
(19, 51, 2.35),
(19, 52, 8.11),
(19, 53, 0.73),
(19, 54, 1.67),
(19, 55, 8.49),
(19, 56, 5.58),
(19, 57, 2.72),
(19, 58, 9.99),
(19, 59, 0.66),
(19, 60, 7.60),
(19, 61, 4.42),
(19, 62, 2.88),
(19, 63, 5.22),
(19, 64, 7.92),
(19, 65, 5.64),
(19, 66, 9.80),
(19, 67, 5.08),
(19, 68, 5.87),
(19, 69, 5.83),
(19, 70, 3.48),
(19, 71, 4.98),
(19, 72, 9.98),
(19, 73, 1.96),
(19, 74, 2.54),
(19, 75, 7.95),
(19, 76, 1.89),
(19, 77, 6.95),
(19, 78, 0.41),
(19, 79, 6.28),
(19, 80, 0.89),
(19, 81, 5.49),
(19, 82, 2.04),
(19, 83, 1.83),
(19, 84, 6.08),
(19, 85, 3.18),
(19, 86, 3.56),
(19, 87, 4.72),
(19, 88, 9.98),
(19, 89, 5.80),
(19, 90, 5.61),
(19, 91, 3.12),
(19, 92, 4.34),
(19, 93, 0.36),
(19, 94, 1.82),
(19, 95, 9.36),
(19, 96, 4.14),
(19, 97, 9.76),
(19, 98, 5.18),
(19, 99, 7.63),
(19, 100, 5.50),
(19, 101, 9.10),
(19, 102, 1.37),
(19, 103, 2.97),
(19, 104, 9.65),
(19, 105, 5.70),
(19, 106, 6.90),
(19, 107, 8.06),
(19, 108, 4.92),
(19, 109, 6.10),
(19, 110, 5.35),
(19, 111, 0.23),
(19, 112, 9.61),
(19, 113, 6.36),
(19, 114, 1.92),
(19, 115, 8.73),
(19, 116, 6.92),
(19, 117, 5.14),
(19, 118, 2.24),
(19, 119, 4.56),
(19, 120, 4.17),
(19, 121, 9.29),
(19, 122, 0.61),
(19, 123, 7.82),
(19, 124, 1.99),
(19, 125, 6.65),
(19, 126, 3.01),
(19, 137, 4.61),
(19, 138, 5.42),
(19, 139, 8.97),
(19, 140, 7.12),
(19, 141, 9.58),
(19, 142, 7.19),
(19, 143, 5.42),
(19, 144, 2.14),
(19, 145, 2.52),
(19, 146, 2.78),
(20, 1, 2.91),
(20, 2, 0.13),
(20, 3, 4.02),
(20, 4, 1.43),
(20, 5, 9.86),
(20, 6, 6.43),
(20, 7, 4.40),
(20, 8, 4.97),
(20, 9, 3.14),
(20, 10, 5.88),
(20, 11, 4.13),
(20, 12, 5.12),
(20, 13, 2.99),
(20, 14, 4.63),
(20, 15, 0.95),
(20, 16, 4.42),
(20, 17, 7.60),
(20, 18, 7.17),
(20, 19, 1.38),
(20, 20, 0.25),
(20, 21, 0.79),
(20, 22, 6.50),
(20, 23, 4.37),
(20, 24, 6.22),
(20, 25, 8.90),
(20, 26, 9.59),
(20, 27, 7.57),
(20, 28, 0.35),
(20, 29, 5.75),
(20, 30, 9.81),
(20, 31, 3.24),
(20, 32, 9.62),
(20, 33, 2.08),
(20, 34, 4.24),
(20, 35, 2.63),
(20, 36, 4.53),
(20, 37, 4.64),
(20, 38, 5.20),
(20, 39, 1.04),
(20, 40, 8.76),
(20, 41, 7.09),
(20, 42, 6.87),
(20, 43, 9.92),
(20, 44, 2.52),
(20, 45, 6.06),
(20, 46, 5.59),
(20, 47, 1.15),
(20, 48, 2.59),
(20, 49, 4.99),
(20, 50, 2.27),
(20, 51, 8.86),
(20, 52, 0.35),
(20, 53, 6.84),
(20, 54, 7.25),
(20, 55, 8.93),
(20, 56, 1.82),
(20, 57, 0.26),
(20, 58, 6.84),
(20, 59, 3.99),
(20, 60, 2.15),
(20, 61, 5.41),
(20, 62, 2.89),
(20, 63, 1.38),
(20, 64, 5.13),
(20, 65, 5.60),
(20, 66, 4.33),
(20, 67, 3.75),
(20, 68, 5.71),
(20, 69, 7.36),
(20, 70, 2.88),
(20, 71, 6.27),
(20, 72, 3.76),
(20, 73, 7.59),
(20, 74, 2.07),
(20, 75, 2.66),
(20, 76, 0.57),
(20, 77, 7.56),
(20, 78, 3.23),
(20, 79, 0.62),
(20, 80, 6.88),
(20, 81, 9.92),
(20, 82, 8.28),
(20, 83, 8.58),
(20, 84, 5.04),
(20, 85, 5.29),
(20, 86, 5.54),
(20, 87, 2.76),
(20, 88, 4.74),
(20, 89, 4.02),
(20, 90, 1.19),
(20, 91, 6.61),
(20, 92, 5.47),
(20, 93, 8.24),
(20, 94, 6.53),
(20, 95, 7.41),
(20, 96, 5.99),
(20, 97, 0.84),
(20, 98, 4.82),
(20, 99, 3.48),
(20, 100, 6.96),
(20, 101, 9.34),
(20, 102, 2.23),
(20, 103, 8.87),
(20, 104, 5.27),
(20, 105, 5.89),
(20, 106, 2.13),
(20, 107, 7.64),
(20, 108, 5.47),
(20, 109, 0.12),
(20, 110, 8.47),
(20, 111, 8.66),
(20, 112, 0.13),
(20, 113, 0.66),
(20, 114, 4.82),
(20, 115, 6.62),
(20, 116, 7.75),
(20, 117, 4.78),
(20, 118, 5.09),
(20, 119, 6.93),
(20, 120, 1.85),
(20, 121, 1.12),
(20, 122, 4.20),
(20, 123, 0.15),
(20, 124, 8.63),
(20, 125, 6.71),
(20, 126, 2.11),
(21, 127, 3.88),
(21, 128, 3.67),
(21, 129, 2.44),
(21, 130, 3.54),
(21, 131, 9.07),
(21, 132, 7.64),
(21, 133, 7.63),
(21, 134, 4.54),
(21, 135, 5.37),
(21, 136, 8.89),
(21, 137, 4.85),
(21, 138, 2.46),
(21, 139, 4.25),
(21, 140, 2.74),
(21, 141, 8.47),
(21, 142, 9.20),
(21, 143, 4.85),
(21, 144, 8.71),
(21, 145, 2.56),
(21, 146, 9.30),
(22, 127, 5.05),
(22, 128, 0.24),
(22, 129, 1.56),
(22, 130, 3.43),
(22, 131, 5.44),
(22, 132, 9.15),
(22, 133, 1.06),
(22, 134, 2.27),
(22, 135, 8.31),
(22, 136, 8.04),
(22, 137, 7.21),
(22, 138, 4.82),
(22, 139, 0.11),
(22, 140, 9.08),
(22, 141, 7.95),
(22, 142, 9.96),
(22, 143, 3.48),
(22, 144, 2.65),
(22, 145, 8.16),
(22, 146, 5.25),
(23, 147, 1.99),
(23, 154, 9999.99),
(24, 148, 0.99),
(25, 149, 499.99),
(26, 150, 1199.99),
(27, 151, 999.99),
(28, 152, 19.99),
(29, 153, 50.01),
(30, 1, 3.84),
(30, 2, 2.38),
(30, 3, 1.58),
(30, 4, 2.15),
(30, 5, 5.59),
(30, 6, 6.03),
(30, 7, 6.78),
(30, 8, 8.95),
(30, 9, 7.98),
(30, 10, 2.18),
(30, 11, 8.46),
(30, 12, 9.51),
(30, 13, 7.51),
(30, 14, 3.34),
(30, 15, 9.43),
(30, 16, 5.43),
(30, 17, 0.68),
(30, 18, 0.42),
(30, 19, 9.34),
(30, 20, 1.56),
(30, 21, 2.07),
(30, 22, 8.06),
(30, 23, 5.32),
(30, 24, 0.99),
(30, 25, 9.39),
(30, 26, 0.80),
(30, 27, 4.99),
(30, 28, 1.98),
(30, 29, 1.72),
(30, 30, 4.67),
(30, 31, 8.11),
(30, 32, 9.87),
(30, 33, 6.62),
(30, 34, 0.27),
(30, 35, 7.27),
(30, 36, 2.46),
(30, 37, 6.36),
(30, 38, 7.90),
(30, 39, 1.63),
(30, 40, 6.68),
(30, 41, 2.88),
(30, 42, 4.20),
(30, 43, 5.02),
(30, 44, 2.50),
(30, 45, 6.49),
(30, 46, 9.29),
(30, 47, 9.43),
(30, 48, 9.27),
(30, 49, 8.27),
(30, 50, 4.04),
(30, 51, 3.19),
(30, 52, 1.05),
(30, 53, 2.12),
(30, 54, 1.49),
(30, 55, 0.65),
(30, 56, 3.78),
(30, 57, 4.76),
(30, 58, 4.84),
(30, 59, 2.53),
(30, 60, 8.66),
(30, 61, 5.40),
(30, 62, 4.38),
(30, 63, 4.10),
(30, 64, 4.18),
(30, 65, 7.59),
(30, 66, 5.55),
(30, 67, 2.19),
(30, 68, 8.95),
(30, 69, 6.54),
(30, 70, 9.81),
(30, 71, 1.25),
(30, 72, 2.54),
(30, 73, 4.16),
(30, 74, 6.31),
(30, 75, 0.61),
(30, 76, 4.52),
(30, 77, 0.91),
(30, 78, 5.32),
(30, 79, 9.31),
(30, 80, 4.65),
(30, 81, 5.21),
(30, 82, 0.46),
(30, 83, 5.75),
(30, 84, 2.99),
(30, 85, 9.77),
(30, 86, 0.13),
(30, 87, 7.70),
(30, 88, 4.16),
(30, 89, 3.42),
(30, 90, 1.19),
(30, 91, 8.80),
(30, 92, 4.96),
(30, 93, 4.86),
(30, 94, 6.10),
(30, 95, 4.54),
(30, 96, 9.55),
(30, 97, 1.15),
(30, 98, 1.94),
(30, 99, 6.57),
(30, 100, 6.54),
(30, 101, 5.68),
(30, 102, 3.21),
(30, 103, 8.00),
(30, 104, 6.92),
(30, 105, 5.84),
(30, 106, 8.17),
(30, 107, 2.83),
(30, 108, 6.52),
(30, 109, 4.88),
(30, 110, 2.99),
(30, 111, 0.77),
(30, 112, 4.54),
(30, 113, 9.84),
(30, 114, 0.11),
(30, 115, 7.85),
(30, 116, 2.87),
(30, 117, 3.96),
(30, 118, 5.76),
(30, 119, 4.23),
(30, 120, 2.17),
(30, 121, 2.43),
(30, 122, 9.94),
(30, 123, 2.93),
(30, 124, 3.07),
(30, 125, 6.52),
(30, 126, 3.71),
(30, 137, 5.17),
(30, 138, 5.24),
(30, 139, 2.93),
(30, 140, 4.36),
(30, 141, 7.54),
(30, 142, 1.50),
(30, 143, 2.21),
(30, 144, 9.55),
(30, 145, 1.14),
(30, 146, 8.60);

-- --------------------------------------------------------

--
-- Struttura della tabella `Fornitori`
--

CREATE TABLE `Fornitori` (
  `fid` int(11) NOT NULL,
  `fnome` varchar(100) NOT NULL,
  `indirizzo` varchar(150) NOT NULL
) ENGINE=InnoDB DEFAULT CHARSET=utf8mb4 COLLATE=utf8mb4_general_ci;

--
-- Dump dei dati per la tabella `Fornitori`
--

INSERT INTO `Fornitori` (`fid`, `fnome`, `indirizzo`) VALUES
(1, 'Gewiss', 'Via dell’Energia 14, Cenate Sotto'),
(2, 'Lovato Electric', 'Via Controllo Industriale 7, Gorle'),
(3, 'BTicino', 'Via Domotica 22, Bergamo'),
(4, 'Vimar', 'Via Circuiti Integrati 18, Seriate'),
(5, 'ABB', 'Via Automazione 30, Dalmine'),
(6, 'Siemens', 'Via Elettrotecnica 9, Bergamo'),
(7, 'Schneider Electric', 'Via Sistemi Elettrici 5, Treviolo'),
(8, 'Prysmian Group', 'Via Cablaggi Industriali 11, Bergamo'),
(9, 'Finder', 'Via Relè 6, Stezzano'),
(10, 'Omron', 'Via Sensori 3, Seriate'),
(11, 'Rockwell Automation', 'Via PLC 25, Dalmine'),
(12, 'Phoenix Contact', 'Via Connessioni 17, Bergamo'),
(13, 'Weidmüller', 'Via Morsetti 12, Gorle'),
(14, 'Camozzi Automation', 'Via Pneumatica 8, Bergamo'),
(15, 'Festo', 'Via Meccatronica 4, Seriate'),
(16, 'Weidmüller', 'Via Morsetti 12, Gorle (BG)'),
(17, 'Menotti Srl', 'Via delle Precisione 10, Lurano'),
(18, 'SYSTEC Automation', 'Via dell’Automazione 21, Bergamo'),
(19, 'ALFA Meccanica S.R.L.', 'Via Robotica 4, Treviolo'),
(20, 'E.N.G. S.R.L.', 'Via Innovazione 8, Pontirolo Nuovo'),
(21, 'TAMECO S.R.L.', 'Via Meccanica 15, Parre'),
(22, 'CAB.EL.VI. S.R.L.', 'Via Cablaggi 6, Verdellino'),
(23, 'HIWAY S.R.L.', 'Via Materiali 12, Calusco d’Adda'),
(24, 'ETR Automazione S.R.L.', 'Via Bianzana 38, Bergamo'),
(25, '2MP Engineering S.R.L.', 'Via Marzanica 39, Bergamo'),
(26, 'House-Tech S.R.L.', 'Via Longuelo 140, Bergamo'),
(27, 'GMV Macchine Utensili S.R.L.', 'Via Macchine Utensili 5, Zanica'),
(28, 'Ar Filtrazioni S.R.L.', 'Via Filtro 2, Bergamo'),
(29, 'Immed S.R.L.', 'Via Trasporti 9, Bergamo'),
(30, 'AESYS', 'Via Pastrengo 7, Seriate');

-- --------------------------------------------------------

--
-- Struttura della tabella `Pezzi`
--

CREATE TABLE `Pezzi` (
  `pid` int(11) NOT NULL,
  `pnome` varchar(100) NOT NULL,
  `colore` varchar(50) NOT NULL
) ENGINE=InnoDB DEFAULT CHARSET=utf8mb4 COLLATE=utf8mb4_general_ci;

--
-- Dump dei dati per la tabella `Pezzi`
--

INSERT INTO `Pezzi` (`pid`, `pnome`, `colore`) VALUES
(1, 'Bullone M6', 'nero'),
(2, 'Dado M8', 'grigio'),
(3, 'Resistore 10kΩ', 'rosso'),
(4, 'Condensatore 100µF', 'blu'),
(5, 'Cavo elettrico 1m', 'giallo'),
(6, 'Interruttore ON/OFF', 'bianco'),
(7, 'Cuscinetto a sfera', 'grigio'),
(8, 'Molla compressione', 'nero'),
(9, 'Relè 12V', 'rosso'),
(10, 'Piastra metallica', 'blu'),
(11, 'Guarnizione in gomma', 'nero'),
(12, 'Pulsante momentaneo', 'rosso'),
(13, 'Rondella M10', 'grigio'),
(14, 'Lamina di rame', 'giallo'),
(15, 'Fusibile 5A', 'bianco'),
(16, 'Vite autofilettante', 'nero'),
(17, 'Elettromagnete', 'blu'),
(18, 'Supporto motore', 'grigio'),
(19, 'Condensatore ceramico', 'rosso'),
(20, 'Staffa angolare', 'nero'),
(21, 'Cinghia di trasmissione', 'nero'),
(22, 'Motore DC 12V', 'blu'),
(23, 'Terminale a crimpare', 'rosso'),
(24, 'Piastra isolante', 'bianco'),
(25, 'Dado cieco', 'grigio'),
(26, 'Coperchio metallico', 'nero'),
(27, 'Bobina di filo', 'giallo'),
(28, 'Resistenza di potenza', 'rosso'),
(29, 'Vite a testa esagonale', 'nero'),
(30, 'Rullino di guida', 'grigio'),
(31, 'Portafusibile', 'blu'),
(32, 'Tappo di chiusura', 'bianco'),
(33, 'Cuscinetto a rulli', 'grigio'),
(34, 'Interruttore a pulsante', 'rosso'),
(35, 'Cinghia dentata', 'nero'),
(36, 'Resistore variabile', 'giallo'),
(37, 'Condensatore elettrolitico', 'blu'),
(38, 'Vite a testa piatta', 'nero'),
(39, 'Piastra di montaggio', 'grigio'),
(40, 'Bobina induttiva', 'rosso'),
(41, 'Guarnizione O-ring', 'nero'),
(42, 'Molla di trazione', 'grigio'),
(43, 'Interruttore a scorrimento', 'blu'),
(44, 'Dado autobloccante', 'nero'),
(45, 'Terminale elettrico femmina', 'giallo'),
(46, 'Coperchio isolante', 'bianco'),
(47, 'Rondella elastica', 'grigio'),
(48, 'Supporto per relè', 'blu'),
(49, 'Vite M5x20', 'nero'),
(50, 'Condensatore a disco', 'rosso'),
(51, 'Cinghia piatta', 'giallo'),
(52, 'Bullone M8x30', 'nero'),
(53, 'Staffa di rinforzo', 'grigio'),
(54, 'Resistenza a filo', 'rosso'),
(55, 'Porta fusibile a pannello', 'bianco'),
(56, 'Rondella di sicurezza', 'grigio'),
(57, 'Motore passo-passo', 'blu'),
(58, 'Interruttore a pulsante luminoso', 'rosso'),
(59, 'Molla elicoidale', 'nero'),
(60, 'Dado M6', 'grigio'),
(61, 'Condensatore a film', 'blu'),
(62, 'Vite a brugola', 'nero'),
(63, 'Guarnizione piatta', 'giallo'),
(64, 'Cuscinetto radiale', 'grigio'),
(65, 'Relè 24V', 'rosso'),
(66, 'Terminale a vite', 'nero'),
(67, 'Supporto per scheda elettronica', 'bianco'),
(68, 'Bobina per trasformatore', 'grigio'),
(69, 'Dado esagonale', 'nero'),
(70, 'Piastra di rinforzo', 'blu'),
(71, 'Resistore di precisione', 'rosso'),
(72, 'Cavo flessibile', 'giallo'),
(73, 'Molla di torsione', 'nero'),
(74, 'Vite M10x40', 'grigio'),
(75, 'Condensatore variabile', 'blu'),
(76, 'Rondella di pressione', 'nero'),
(77, 'Coperchio motore', 'bianco'),
(78, 'Bullone testa cilindrica', 'nero'),
(79, 'Porta fusibile mini', 'rosso'),
(80, 'Interruttore generale', 'blu'),
(81, 'Cuscinetto a sfere inox', 'grigio'),
(82, 'Vite a testa svasata', 'nero'),
(83, 'Guarnizione in silicone', 'giallo'),
(84, 'Resistenza bobinata', 'rosso'),
(85, 'Staffa metallica L', 'grigio'),
(86, 'Condensatore polarizzato', 'blu'),
(87, 'Terminale maschio', 'nero'),
(88, 'Cinghia trapezoidale', 'giallo'),
(89, 'Molla di compressione corta', 'nero'),
(90, 'Dado M12', 'grigio'),
(91, 'Coperchio scatola elettrica', 'bianco'),
(92, 'Rondella piatta M8', 'grigio'),
(93, 'Motore brushless', 'blu'),
(94, 'Vite M4x16', 'nero'),
(95, 'Condensatore 220µF', 'rosso'),
(96, 'Interruttore a pulsante ON', 'giallo'),
(97, 'Bullone testa esagonale M6', 'nero'),
(98, 'Cuscinetto a sfere miniatura', 'grigio'),
(99, 'Resistore di potenza 50W', 'rosso'),
(100, 'Staffa di supporto verticale', 'nero'),
(101, 'Bobina di segnale', 'blu'),
(102, 'Dado a farfalla', 'giallo'),
(103, 'Guarnizione tonda', 'nero'),
(104, 'Cavo schermato', 'grigio'),
(105, 'Condensatore 470µF', 'rosso'),
(106, 'Vite M6x25', 'nero'),
(107, 'Terminale a crimpare piccolo', 'giallo'),
(108, 'Interruttore magnetico', 'bianco'),
(109, 'Molla elicoidale lunga', 'nero'),
(110, 'Piastra base', 'grigio'),
(111, 'Resistore chip', 'rosso'),
(112, 'Cinghia dentata piccola', 'blu'),
(113, 'Bullone testa piatta', 'nero'),
(114, 'Guarnizione quadrata', 'giallo'),
(115, 'Condensatore a elettrolita solido', 'blu'),
(116, 'Rondella elastica M6', 'grigio'),
(117, 'Vite autofilettante M4', 'nero'),
(118, 'Relè bistabile', 'rosso'),
(119, 'Coperchio isolante piccolo', 'bianco'),
(120, 'Motore passo-passo mini', 'blu'),
(121, 'Dado M5', 'grigio'),
(122, 'Cuscinetto flangiato', 'nero'),
(123, 'Resistore variabile rotativo', 'rosso'),
(124, 'Bobina motore', 'blu'),
(125, 'Molla di compressione media', 'nero'),
(126, 'Interruttore a levetta', 'giallo'),
(127, 'LED verde', 'verde'),
(128, 'Cavo elettrico verde 1m', 'verde'),
(129, 'Pulsante a pressione verde', 'verde'),
(130, 'Guarnizione in gomma verde', 'verde'),
(131, 'Molla compressione verde', 'verde'),
(132, 'Rondella M6 verde', 'verde'),
(133, 'Vite autofilettante verde', 'verde'),
(134, 'Porta fusibile verde', 'verde'),
(135, 'Staffa angolare verde', 'verde'),
(136, 'Interruttore ON/OFF verde', 'verde'),
(137, 'Condensatore verde', 'verde'),
(138, 'Resistore verde', 'verde'),
(139, 'Cuscinetto a sfere verde', 'verde'),
(140, 'Bobina di filo verde', 'verde'),
(141, 'Piastra metallica verde', 'verde'),
(142, 'Terminale a crimpare verde', 'verde'),
(143, 'Interruttore a pulsante verde', 'verde'),
(144, 'Dado M8 verde', 'verde'),
(145, 'Bullone M6 verde', 'verde'),
(146, 'Rondella elastica verde', 'verde'),
(147, 'Lisheng', 'giallo'),
(148, 'Villa', 'viola'),
(149, 'Andres', 'Verde'),
(150, 'Grena', 'lilla'),
(151, 'Erion', 'azzurro'),
(152, 'Pennetta', 'iridato'),
(153, 'Falzao', 'radioattivo'),
(154, 'Martinelli', 'rosso');

--
-- Indici per le tabelle scaricate
--

--
-- Indici per le tabelle `Catalogo`
--
ALTER TABLE `Catalogo`
  ADD PRIMARY KEY (`fid`,`pid`),
  ADD KEY `pid` (`pid`);

--
-- Indici per le tabelle `Fornitori`
--
ALTER TABLE `Fornitori`
  ADD PRIMARY KEY (`fid`);

--
-- Indici per le tabelle `Pezzi`
--
ALTER TABLE `Pezzi`
  ADD PRIMARY KEY (`pid`);

--
-- AUTO_INCREMENT per le tabelle scaricate
--

--
-- AUTO_INCREMENT per la tabella `Fornitori`
--
ALTER TABLE `Fornitori`
  MODIFY `fid` int(11) NOT NULL AUTO_INCREMENT, AUTO_INCREMENT=32;

--
-- AUTO_INCREMENT per la tabella `Pezzi`
--
ALTER TABLE `Pezzi`
  MODIFY `pid` int(11) NOT NULL AUTO_INCREMENT, AUTO_INCREMENT=157;

--
-- Limiti per le tabelle scaricate
--

--
-- Limiti per la tabella `Catalogo`
--
ALTER TABLE `Catalogo`
  ADD CONSTRAINT `Catalogo_ibfk_1` FOREIGN KEY (`fid`) REFERENCES `Fornitori` (`fid`) ON DELETE CASCADE ON UPDATE CASCADE,
  ADD CONSTRAINT `Catalogo_ibfk_2` FOREIGN KEY (`pid`) REFERENCES `Pezzi` (`pid`) ON DELETE CASCADE ON UPDATE CASCADE;
COMMIT;

/*!40101 SET CHARACTER_SET_CLIENT=@OLD_CHARACTER_SET_CLIENT */;
/*!40101 SET CHARACTER_SET_RESULTS=@OLD_CHARACTER_SET_RESULTS */;
/*!40101 SET COLLATION_CONNECTION=@OLD_COLLATION_CONNECTION */;
